"player","mapsPlayed","impact","rating"
"ZywOo",643,0.0157962071554672,1.28
"s1mple",1097,0.0149094009186345,1.28
"sh1ro",325,0.0145491494845315,1.23
"Magisk",1193,0.0145247560197146,1.12
"device",1198,0.0121601453368456,1.19
"NiKo",1241,0.00829686184327685,1.2
"syrsoN",628,0.00817678078352134,1.09
"El1an",336,0.00792210148929803,1.14
"Ax1Le",328,0.00787937001526866,1.16
"B1T",155,0.00764917214438932,1.08
"autimatic",813,0.00653657478567417,1.1
"HEN1",711,0.00639907755866945,1.11
"KSCERATO",602,0.00592522451787053,1.14
"NAF",1243,0.00546106589446907,1.11
"yuurih",602,0.0051128851800844,1.11
"TuGuX",46,0.00491067098925471,0.85
"gla1ve",1124,0.00482165832964543,1.03
"Qikert",692,0.00474441118051017,1.05
"XANTARES",972,0.00471958728602216,1.15
"n0thing",435,0.00469193067852031,1.01
"tarik",1139,0.00468247432881508,1.03
"shox",1133,0.00433288245703215,1.07
"fANTASTIKA",14,0.00420344908087869,NA
"Xyp9x",1114,0.004160032352383,1.07
"DickStacy",144,0.00403291994702844,0.86
"dreaM",14,0.00390664101704511,NA
"Summer",281,0.00379604152067804,1
"bondik",575,0.00355961932171412,1.02
"FalleN",1222,0.00339829947924787,1.08
"nafany",326,0.00331054958253353,1.03
"drop",32,0.00321867420663492,0.92
"olofmeister",926,0.00305614301022807,1.03
"mixwell",487,0.00280839668013534,1.08
"innocent",245,0.00275790938695793,1.03
"jemi",89,0.00255705014960162,0.78
"boltz",665,0.00246625552897644,1.07
"ottoNd",315,0.00244930611910045,1.06
"flameZ",119,0.00226617653101878,1.11
"ableJ",174,0.00222955036062913,0.94
"dream3r",217,0.0020675470147286,1.1
"kennyS",1100,0.00194958198807408,1.1
"SHOCK",99,0.00181041547169625,1.05
"EliGE",1265,0.0017887494875853,1.12
"markeloff",352,0.00178036666501644,0.96
"DD",364,0.0017552227042514,0.98
"sjuush",401,0.00150573293426296,1.05
"Amazing",7,0.00137194523545147,NA
"leaf",75,0.00136805647040325,0.99
"CeRq",755,0.00131970507962087,1.08
"pecks",12,0.00122023916055435,0.7
"suNny",739,0.00114528061585052,1.07
"hybrid",1,0.00114066508940785,NA
"NeiL_M",2,0.00104406180864958,NA
"Stewie2K",1332,0.000925026533458297,1.05
"dexter",309,0.000904384951793248,0.99
"shaiK",1,0.000782257437051301,NA
"kalle",53,0.000682010802954904,1
"malta",192,0.000672604412855356,0.87
"k0RsAr",6,0.000657973766705893,NA
"mantuu",358,0.000657530719080108,1.1
"Danceyz",2,0.000645569086448053,NA
"hardzao",29,0.000636560868142025,NA
"WOOD7",7,0.000623565346501232,NA
"dav1g",52,0.000600508295910128,0.86
"flusha",941,0.000586601319321286,1.07
"fer",1082,0.000585729570978611,1.12
"nrkkk",2,0.000466108595127633,NA
"sdy",469,0.000455909097276545,1.02
"aizy",980,0.000449220131061629,1.03
"zorte",199,0.000437508041630466,1.05
"SunPayus",52,0.000432077123134171,1.06
"ruggah",9,0.000410052630837234,0.72
"KrowNii",2,0.000394583011073442,NA
"hemzk9",1,0.000387653863048308,NA
"konshi",2,0.000379212649290705,NA
"queztone",67,0.000339932128577459,1.03
"Sico",162,0.000327892787497674,1.02
"obj",4,0.000321448520756707,NA
"powerYY",2,0.000320908245069026,NA
"Ravenlot",9,0.000305282525284062,NA
"eDi",1,0.000302429894601566,NA
"Leomonster",1,0.000301458507348953,NA
"Sm1llee",1,0.000299238734843056,NA
"Samppa",1,0.000288424871305812,NA
"pred",1,0.000257611654662195,NA
"TeSeS",395,0.000250859238200053,1.03
"oopee",1,0.000245495939520906,NA
"DeathZz",61,0.000243722210716421,0.96
"frozt",1,0.00023238648269305,NA
"tyfoon",2,0.000215844453023472,NA
"YNk",8,0.000212014724820976,0.71
"jeyN",12,0.00020868760926266,NA
"mithR",1,0.000207715936387409,NA
"Delaney",1,0.000185138560477113,NA
"L1NK",1,0.000182237599324863,NA
"bodyy",661,0.000168097171739092,1
"813",2,0.000164026956182323,NA
"gulito",8,0.000159702428386436,NA
"REFLEX",2,0.000159227181392103,NA
"desh",1,0.000140268125818564,NA
"ropz",1009,0.000129319025968844,1.13
"day0s",1,0.000124664523973159,NA
"btt",1,0.000124084234361471,NA
"Adlane",1,0.000120003503599269,NA
"Fifflaren",1,0.000116213333712123,NA
"ave",1,0.000115132173338805,0.94
"deko",21,0.000115079822621648,1.31
"kero",1,0.000104589393693553,NA
"ZER",1,8.27817515183587e-05,NA
"deco",3,8.24866539012955e-05,NA
"mat1",3,8.13767318329576e-05,NA
"moonsh1n3",4,7.79383464788758e-05,NA
"blameF",494,7.5347474196718e-05,1.14
"Snodz",1,7.45660174854011e-05,NA
"keep3r",1,7.21313285434176e-05,NA
"BAS",3,5.49160416148681e-05,NA
"Kray",1,3.23056999381804e-05,NA
"SADZED",2,3.03729359546585e-05,NA
"Asuna",2,2.47533633376314e-05,NA
"Uzzziii",1,2.0893371657561e-05,NA
"montE",1,1.94325159923977e-05,NA
"kRaSnaL",2,1.88370105816218e-05,NA
"smooya",262,1.66398001232435e-05,1.05
"Eley",7,1.38399953541868e-05,NA
"Ethan",848,1.21568731571737e-05,1.1
"Monu",2,1.17981501561402e-05,NA
"deb0",4,1.01932971316303e-05,NA
"Spanisfury",1,9.46001499129917e-06,NA
"Prize",2,8.94433954422455e-06,NA
"Straka",4,5.60738390066382e-06,NA
"lmbt",9,4.58468824012744e-06,0.5
"phise",1,3.44766175822356e-06,NA
"acoR",446,3.43525712229774e-06,1.06
"J0hnnyP",1,2.62828824869474e-06,NA
"plum",1,-1.12925874274358e-05,NA
"DEv",1,-1.36436654634995e-05,NA
"tappa",2,-1.82796534545438e-05,NA
"neon",1,-1.87659919507248e-05,NA
"cogu",4,-1.94184459243319e-05,0.87
"Ayrez",1,-2.1442844262563e-05,NA
"tomsku",3,-2.51709591987065e-05,NA
"theryan",1,-2.58702172355583e-05,NA
"gAuLeS",1,-2.61499161943538e-05,NA
"hardstyle",1,-2.71915690610117e-05,NA
"viz",2,-2.81329960264653e-05,NA
"BASE",1,-2.8388909200737e-05,NA
"sense",1,-3.3260446756251e-05,NA
"tsack",13,-3.32955430216403e-05,NA
"Astroo",4,-3.4903239309716e-05,NA
"KQLY",1,-3.65488137003733e-05,NA
"destroj",1,-3.80058118036735e-05,NA
"sickLy",1,-3.90886499991661e-05,NA
"InJect",1,-3.96772621866169e-05,NA
"Pizituh",1,-4.10258764158368e-05,NA
"Annihilation",5,-4.65283300150146e-05,NA
"fel1x",2,-5.00337519652728e-05,NA
"toM",1,-5.40063925682761e-05,NA
"VladY",1,-5.68775063431287e-05,NA
"willyKS",1,-5.72045564617826e-05,NA
"Peppzor",2,-5.88316317117071e-05,NA
"Neffo",1,-6.02998620762708e-05,NA
"Coffee",2,-6.06627258936455e-05,NA
"insanity",1,-6.11719924116633e-05,NA
"LK",1,-6.38308523138067e-05,NA
"Kwong",1,-6.50024816885504e-05,NA
"KIKOOOO",1,-6.78434101814098e-05,NA
"minse",1,-6.81156231879989e-05,NA
"oliff",1,-7.45478087464913e-05,NA
"Laes",1,-8.18939202338895e-05,NA
"Zyppe",3,-8.33593595964434e-05,NA
"CHRiSOAOW",2,-8.47352237420949e-05,NA
"Demho",2,-8.58991844184192e-05,NA
"troller",1,-8.64890199156123e-05,NA
"quiNz",1,-8.8957182850897e-05,NA
"SOLA",2,-8.90291433693663e-05,NA
"Tactus",1,-9.32394650405876e-05,NA
"Kingfisher",1,-9.47055567940792e-05,NA
"f4rm3r",1,-9.53758184580887e-05,NA
"NiSMO",1,-9.75314650999947e-05,NA
"kakafu",1,-0.000101012061745523,NA
"Mr.mao",1,-0.000102386417731634,NA
"wASH1K",2,-0.000103514728413901,NA
"CHEHOL",1,-0.000103820063295245,NA
"redhide",1,-0.000116588715912382,NA
"Not7",2,-0.00011790070229048,NA
"1mpact",1,-0.000120004265988566,NA
"fnyekes",2,-0.000124004566302875,NA
"d3k1",1,-0.000125259659286606,NA
"Enzo",3,-0.000126206811625697,NA
"rjy",1,-0.00012827994865415,NA
"qz",2,-0.000128621675670826,NA
"toby1",1,-0.000131404466957943,NA
"Zitte",2,-0.000131973059605496,NA
"huckLeberry",2,-0.000132259306377359,NA
"dmize",2,-0.000134363165222676,NA
"Remoy",4,-0.000135425757776975,NA
"c0llins",2,-0.000135910204774924,NA
"IDZUO",2,-0.000138138123135966,NA
"jtr",1,-0.000139890416337572,NA
"maLeK",2,-0.000141388015456292,0.65
"mAThx",1,-0.00014225806347899,NA
"FaNg",77,-0.000143142609523865,1.03
"moses",1,-0.000147598320238479,NA
"TheOne",2,-0.000148246165642795,NA
"Katalic",2,-0.000148623217295163,NA
"color",2,-0.000149517809740112,NA
"Killkapi",1,-0.000151848682725757,NA
"So5",1,-0.000153720506728418,NA
"roque",1,-0.000154583278920884,NA
"Xeppaa",138,-0.000154753678289956,1
"sarenii",2,-0.000157349329450862,NA
"frzmonster",1,-0.000157743379536715,NA
"ZELIN",4,-0.000159612576914601,NA
"space",1,-0.000159725398296985,NA
"Krav",2,-0.000159958386894601,NA
"Dahl",1,-0.000160249993611651,NA
"sLip",1,-0.000161333630323745,NA
"snapy",2,-0.000162741257185497,NA
"FliP1",3,-0.000163429728870181,NA
"blacktear5",2,-0.000164621097846217,NA
"qbaby",1,-0.000166044340456176,NA
"m4v3r1ck",2,-0.000168021502508481,NA
"Eeyore",1,-0.000168318993133389,NA
"Kheadi",2,-0.000170971419280759,NA
"FigaaOP",2,-0.000174500969354384,NA
"barney",2,-0.000174957491765826,NA
"Jujje",1,-0.000176043570954945,NA
"d4v41",1,-0.000177730223339789,NA
"Rub3nix",1,-0.000179723188591672,NA
"TONI",2,-0.000181564411124237,NA
"diyy",1,-0.00018161632345667,NA
"Kind0",2,-0.000182199074344537,NA
"shellzi",2,-0.000184048989518862,NA
"BASiC",1,-0.000184304734495723,NA
"rilax",3,-0.000184892857384126,NA
"KTWO",2,-0.000185766315549112,NA
"JonahP",3,-0.000186025163130981,NA
"Irukandji",9,-0.000187329977403382,0.97
"shonk",3,-0.000188257270715705,NA
"jhd",1,-0.000189458359031122,NA
"Badshah",3,-0.000190024861470906,NA
"zEptonL",3,-0.000190092018555202,NA
"redla1N",2,-0.000190953850012645,NA
"Maccen",1,-0.000191125798043917,NA
"YDNA",1,-0.000191618580917027,NA
"picky",2,-0.000192558147967824,NA
"amosE",1,-0.000192813291382897,NA
"Ange",1,-0.000193983999806147,NA
"ARSENY",2,-0.000195733662059716,NA
"Glovee",3,-0.000196315099105699,NA
"s1ren",2,-0.000196674938478735,NA
"CRMJ",1,-0.000200015846136893,NA
"Falcon",1,-0.000200500724072995,NA
"v1N",3,-0.000200887022010372,NA
"witz",3,-0.000200946010643539,NA
"SenpaiMadara",1,-0.000208830290135655,NA
"nafu",2,-0.000211502825888505,NA
"OKAYYY",1,-0.000212114653551868,NA
"riksen",2,-0.000212377932092007,NA
"rdO",3,-0.000212479755513698,NA
"gi",2,-0.000213687148021649,NA
"Nico",1,-0.000216324024182302,NA
"xerus",1,-0.00021646454029395,NA
"primortjE",1,-0.000219586581940841,NA
"OWNER",3,-0.000221186722464671,NA
"NOPEEJ",2,-0.000221722405668208,NA
"Retrac",2,-0.000224178364734738,NA
"JD",1,-0.000225143241264186,NA
"Hotel",1,-0.000225545731926932,NA
"Max0b",1,-0.000232218021776911,NA
"NKsan",1,-0.000232233492875033,NA
"DomiNate",1,-0.000232453944058525,NA
"GreK",2,-0.000234668553426731,NA
"k0ja",1,-0.000235972664022839,NA
"spookr",1,-0.000238383893278658,NA
"znx",2,-0.000238600870503942,NA
"ZEN",2,-0.000240131120539683,NA
"neph",1,-0.000240855647274407,NA
"BLU3",3,-0.000241585274288833,NA
"Lucaozy",1,-0.000245417838351484,NA
"Noisia",1,-0.000245515695984745,NA
"Grashog",1,-0.000246557097559404,NA
"xerolte",5,-0.00024669266776805,NA
"Miki",1,-0.000246835040177679,NA
"pz",1,-0.000247230501137001,NA
"Devilwalk",8,-0.000248013658348705,1.09
"SneakZ",1,-0.000248226523390488,NA
"shaney",2,-0.000249042960385515,NA
"k1to",582,-0.0002498553764093,0.95
"st0Le",1,-0.000250118073538785,NA
"Proxure",1,-0.000250525129571971,NA
"LONSDALE",1,-0.000252224390736177,NA
"MOREE",1,-0.000252330291319062,NA
"l0gicman",2,-0.000253046118892566,NA
"Zac",1,-0.000253071614025126,NA
"Lightstep",2,-0.000253450841238994,NA
"headtr1ck",2,-0.000253895018924812,NA
"HLEB",1,-0.00025482668988925,NA
"chelleos",1,-0.000254980729301696,NA
"breaker",1,-0.000255709400937641,NA
"chrille",1,-0.00025619244366056,NA
"chrisM",1,-0.0002566043461786,NA
"zont1x",2,-0.000258122115605937,NA
"Get_Jeka",2,-0.000258671194697996,NA
"syN",2,-0.000262860211138379,NA
"Jamie",1,-0.000264504272021606,NA
"pickles",1,-0.000264974952359777,NA
"pounh",35,-0.000267292712284185,NA
"fNk",2,-0.000272481197415075,NA
"RIZZZ",2,-0.00027315355788749,NA
"mag0o",2,-0.000275145766582558,NA
"koga",1,-0.000275162875825883,NA
"VANITY",4,-0.000275518989340731,NA
"J4CK",1,-0.000276360522533041,NA
"yukiiii",2,-0.00027799906635347,NA
"luk",2,-0.000278498247671882,NA
"dezon",9,-0.000279772034690655,NA
"xiaoshou",1,-0.000280125602844935,NA
"Mh",2,-0.00028065749686707,NA
"SeanL",1,-0.000283787511547803,NA
"Delpan",3,-0.000284062769169375,NA
"Zerocool",1,-0.000284794204550503,NA
"MusambaN1",2,-0.000285675762735975,NA
"Staehr",2,-0.000286864764056342,NA
"Sys",1,-0.00028707006716024,NA
"nky",1,-0.000287797473251966,NA
"b0bbzki",8,-0.000288966972877972,NA
"alecks",5,-0.000290911685251183,NA
"malik",4,-0.000291105020452515,NA
"crazyd33R",3,-0.000292084512827582,NA
"Slutty",2,-0.000292803429236884,NA
"pArker",1,-0.000293529847383735,NA
"knave",1,-0.000293881205409379,NA
"wippie",5,-0.000294385470197586,NA
"ed101",3,-0.000294989288427054,NA
"JA",2,-0.000296621491300573,NA
"bzt",2,-0.000296711539930957,NA
"etl",1,-0.000297286935854406,NA
"Art1st",3,-0.000297374757720323,NA
"ZENCER",1,-0.000298882252233658,NA
"Luken",11,-0.000299822052569435,NA
"zbM",1,-0.00030149264203321,0.48
"Perris",1,-0.000303262889645586,NA
"fibb0",1,-0.00030346998714859,NA
"rtA",3,-0.000304194998231905,NA
"kpiz",1,-0.000304630502288103,NA
"Lacore",1,-0.000308171051801768,NA
"zevy",1,-0.000308196286085435,NA
"m0NESY",2,-0.000309130959158611,NA
"lurzz",1,-0.000309230594600526,NA
"thamlike",2,-0.000309494821366501,NA
"deoxiDE",2,-0.000310459845928906,NA
"pan1K",2,-0.000310920333465608,NA
"xpy",1,-0.000311171823133163,NA
"LEo",3,-0.00031207941033544,NA
"kurtaliz",2,-0.000312667518440791,NA
"aMi",1,-0.000313576341656138,0.58
"BLUEE",2,-0.000314673397923715,NA
"xfl0ud",11,-0.000315158308329783,NA
"Darber",1,-0.000317419136604259,NA
"pallib0ndi",1,-0.000319663851234334,NA
"jok",1,-0.000321222631992386,NA
"urge",2,-0.000323777339478113,NA
"T4RG3T",2,-0.00032553933936696,NA
"SandmaN",3,-0.000327042608484689,NA
"AsLanMashadoW",1,-0.000327609463524634,NA
"CaNNiE",3,-0.000328690089313768,NA
"guGi",1,-0.000328978046073964,NA
"stunna",1,-0.000329488620410491,NA
"Maziaz",5,-0.000329668274829209,NA
"drg",1,-0.000332393569257226,NA
"INCRED",1,-0.000335602855028143,NA
"pnq",2,-0.000335874155700862,NA
"Tuurtle",6,-0.00033598027555696,NA
"kicker",1,-0.000336563024134217,NA
"ek1ps",2,-0.000337988265188227,NA
"carnees",3,-0.000339313143121849,NA
"RIjK0",3,-0.000339444917284824,NA
"jOELZ",5,-0.00033958675601562,NA
"Dark",2,-0.000339779332266641,NA
"KD69z",2,-0.000342684599693771,NA
"Lumji",2,-0.000343338479385153,NA
"fletch",1,-0.000343673346213031,NA
"slaYn",2,-0.000344359776315376,NA
"raw",2,-0.000344395777137336,NA
"jAMMiN",2,-0.000347004347159015,NA
"JohnOlsen",2,-0.00034798683552328,NA
"fostar",7,-0.0003481118106829,NA
"HenryG",1,-0.000350232098991359,NA
"alfonzz",2,-0.000350606545710985,NA
"f0bless",2,-0.0003506219370785,NA
"RuFire",2,-0.000352601981086247,NA
"RENNE",2,-0.000353232523139845,NA
"kevzy",5,-0.000353905237821869,NA
"Rev",1,-0.000356003995185752,NA
"kev1n",1,-0.000356147921492714,NA
"Gringo",2,-0.000356410643912274,NA
"z1",2,-0.000359911827797238,NA
"doobler",2,-0.000360707629299497,NA
"defry",2,-0.000360805202823556,NA
"s4",2,-0.000366178594939712,NA
"Nerdy",2,-0.000366495585182273,NA
"ImP",2,-0.000369676098140833,NA
"arbie",3,-0.00036978581001786,NA
"JMZ",1,-0.000370362517283713,NA
"e1",1,-0.000372495366089746,NA
"dizzyLife",5,-0.000373443834369883,NA
"Strings",4,-0.000373707520101759,NA
"kuben",3,-0.000374146706648998,0.39
"Smash",2,-0.000375213410580909,NA
"j1NZO",2,-0.000375386781737763,NA
"xizy",1,-0.000378695733277696,NA
"xertioN",8,-0.000379399645368806,NA
"KiiroKami",1,-0.000380584616506528,NA
"theguy",1,-0.000381259789472796,NA
"monne",1,-0.000383079738488679,NA
"Tauson",2,-0.000384668615686227,NA
"uN1",1,-0.000386142360326134,NA
"Maki",2,-0.000388099993794476,NA
"Lobanjica",3,-0.000388681111018782,NA
"Krutoi",2,-0.000388866110565053,NA
"real_bM",1,-0.000389010907421321,NA
"Synyx",2,-0.000389445047991876,NA
"h1glaiN",3,-0.000390541397246137,NA
"Nutr1xNTC",1,-0.000390727774639935,NA
"J",9,-0.00039087679596451,NA
"TRAVIS",19,-0.00039191759761815,NA
"TOBIZ",2,-0.000393854793656341,NA
"RobbaN",2,-0.000394171541615899,0.73
"wudixt",1,-0.000394622692319848,NA
"kr1vda",4,-0.000395850259281164,NA
"Tham",2,-0.000396236245261182,NA
"yAmi",5,-0.000396991789660995,NA
"saveeey",1,-0.000398433792685126,NA
"Bustem",1,-0.000400569065226888,NA
"peacemaker",2,-0.000400767923276117,NA
"Perfecto",411,-0.000402042529514926,1.01
"Dodz",5,-0.000402618516521705,NA
"wizzem",1,-0.000404139053370909,NA
"KarlClt",2,-0.000404975418842604,NA
"DubsteP",2,-0.000405082249417973,NA
"affiNity",1,-0.000405476411595939,NA
"0scar",2,-0.000405540368755017,NA
"k1Ng0r",2,-0.000406072644477518,NA
"Nertz",1,-0.000407938143238793,NA
"krecker",9,-0.00041118972217106,NA
"KriLLe",8,-0.000413176296763905,NA
"pt",2,-0.00041631714789913,NA
"LESMARK",1,-0.000417376672540595,NA
"Hkta",4,-0.000418209706557742,NA
"ino",1,-0.000419010550312865,NA
"Knp",1,-0.000419566682698292,NA
"jenko",6,-0.000422437251087722,NA
"Douglas",2,-0.00042608103724916,NA
"TORAS",5,-0.000426117732766374,NA
"1mpala",2,-0.000428705852540717,NA
"nat1ve",4,-0.000429079011768177,NA
"tiz",1,-0.00042911889123697,NA
"flexeeee",1,-0.000429210711751122,NA
"fxy0",3,-0.000429493169817791,0.88
"karl",2,-0.000432418299592326,NA
"spyn",1,-0.000432451198652659,NA
"benq1",3,-0.000433135158705659,NA
"DEV7L",21,-0.000434869166753393,NA
"Zote",1,-0.000436985270362325,NA
"T.c",1,-0.000438633727889022,NA
"Kirby",3,-0.000439145208532826,NA
"bnox",2,-0.000440252296512081,NA
"MAIROLLS",3,-0.000440448111682652,NA
"EXR",1,-0.000442198905064304,NA
"Aaron",6,-0.000445474454604743,NA
"Jibrix",2,-0.000447996855414657,NA
"t4styy",1,-0.000448534671290475,NA
"SolEk",2,-0.000448556874580442,NA
"C4rlito",1,-0.000449050472036546,NA
"kruzer",1,-0.000450233317762409,NA
"shutout",1,-0.00045023686039714,NA
"Axii",2,-0.000451361971997598,NA
"4ourgot010",2,-0.000453860147208283,NA
"jeorgesnorts",1,-0.000454319159672185,NA
"ekul",1,-0.000454530939650125,NA
"CaPPiNg!",1,-0.000454722326676818,NA
"sXe",3,-0.000454893953833703,NA
"mixxed",2,-0.000457094618773668,NA
"zNf",2,-0.000457239988505436,NA
"karbon",2,-0.000457850522818793,NA
"Philip",2,-0.00045931530005023,NA
"snedker",8,-0.000459933010774251,NA
"Delection",2,-0.000460964185978705,NA
"Swagger",1,-0.000463869414332514,NA
"markostm",1,-0.000467063534467608,NA
"buffdaddy",1,-0.000469462019734125,NA
"JACKPOT",2,-0.000470504846129041,NA
"Insane",2,-0.000472506242724052,NA
"mazi",1,-0.000472512991178168,NA
"NIZN",2,-0.000473596257973939,NA
"Qweall",3,-0.000473644880580346,NA
"DarkS1DE",3,-0.000474219999515089,NA
"kamil",14,-0.000477313228826938,NA
"epis",1,-0.00047741233284011,NA
"Ou7bReaK",1,-0.000477700749369615,NA
"fear",2,-0.000477821419321333,NA
"Xtinct",2,-0.000477984788821225,NA
"kyj",3,-0.000479009994135934,NA
"amster",2,-0.000479480753882137,NA
"liptoN",2,-0.000483621487752469,NA
"agM",3,-0.000483828574253401,NA
"Roflko",2,-0.000484775332800028,NA
"BRACE",2,-0.000486239902323559,NA
"cheti",3,-0.000486431907846592,NA
"rbz",1,-0.000486900540840233,NA
"Frockle",1,-0.000487513513009547,NA
"KaDaZ",1,-0.000490103410372683,NA
"DaneJoris",2,-0.000493268072196621,NA
"Kaka",2,-0.000493929308183095,NA
"LinCor",1,-0.000494955288829854,NA
"mole",4,-0.000496798441642908,NA
"allee",1,-0.00049715452484723,NA
"tr3vl",3,-0.0004976875869935,NA
"jarod",1,-0.000498483965003167,NA
"KARNAGE",1,-0.000498585383738536,NA
"Smyli",6,-0.000500155257401497,NA
"spOxzer",2,-0.000502116224566683,NA
"PR1mE",2,-0.00050409508112365,NA
"zonic",12,-0.000505696384710529,0.87
"nsww",2,-0.000507469751815046,NA
"NEOFRAG",99,-0.000507668598657727,1.1
"alter",4,-0.000507683892390121,NA
"Fable",1,-0.00050858173119464,NA
"HudzM",1,-0.000510264101115379,NA
"bLazE",1,-0.000510298604117471,NA
"4sh0t",2,-0.000511605863075147,NA
"Lakia",5,-0.000512727525358198,NA
"byr9",2,-0.000513048127313497,NA
"hussaR",3,-0.000513486554463508,NA
"bedonka",1,-0.000514465013659232,NA
"huNter-",690,-0.000524973923495685,1.12
"oSee",227,-0.000528677944374217,1.05
"4314",2,-0.000529296456627843,NA
"qk-Mantis",2,-0.00053118378884642,NA
"alexG",1,-0.000531418857592371,NA
"Sheva",1,-0.000531668456648722,NA
"jeske",2,-0.000533062164557416,NA
"flawless",3,-0.000533582885134389,NA
"oddo",2,-0.00053525974312985,NA
"JoJo",2,-0.000536571735977849,NA
"laTal",1,-0.000537379056269226,NA
"BrN",2,-0.000538055611650509,NA
"DannyG",2,-0.000540275888620292,NA
"B1GGY",1,-0.000540524953285786,NA
"genghsta",1,-0.00054053479014314,NA
"Cunha",2,-0.000541155412007823,NA
"TEKSI",2,-0.000543190172934686,NA
"Sharkie",2,-0.000543532135350518,NA
"roma",4,-0.000544148373108448,NA
"mizzy",1,-0.000545369584838316,NA
"lowrider",2,-0.00054748732940927,NA
"Kryptix",2,-0.000548154652884283,NA
"TiGER",1,-0.000550031162841098,NA
"Sheekey",2,-0.000550155537870362,NA
"kajsk1ng",5,-0.000550739690291858,NA
"voidex",5,-0.000551567347859544,NA
"Necrogenes1s",2,-0.000551898843462795,NA
"bramz",2,-0.000552203362218281,NA
"zypztw",2,-0.00055335369214118,NA
"RETO",2,-0.000554319870772352,NA
"Gux",1,-0.000554866927952657,NA
"INX",1,-0.00055502740941553,NA
"VIPPEER",1,-0.000558144737523468,NA
"jakem",2,-0.000559439029716686,NA
"cello",2,-0.000559756716860431,NA
"7oX1C",4,-0.000559924201176525,NA
"THRONE",8,-0.000564711661833607,NA
"ozzy",3,-0.000565597184738075,NA
"Liki",1,-0.000566949050072979,NA
"Gratisfaction",325,-0.000568195437674276,1
"lsnow",3,-0.000568198182080484,NA
"Akino",2,-0.000570642716090945,NA
"SeokE",5,-0.000571332537701841,NA
"natu",6,-0.000572334290633406,NA
"kamaz1k",1,-0.000574577392448799,NA
"reiko",6,-0.000576546133975845,NA
"r1d3r",1,-0.000576876261719337,NA
"knarf",2,-0.000577559457046727,NA
"YooNgHwe1",2,-0.000579897745652061,NA
"micalis",2,-0.000581125719550276,NA
"zeph",5,-0.000581222933788781,NA
"S3NSEY",10,-0.000581843235104867,NA
"BUBBIS",2,-0.000582116988183304,NA
"vanilla",3,-0.000586289576846856,NA
"meztal",1,-0.000586541310640716,NA
"FoDa",2,-0.000587018763237663,NA
"numb",1,-0.000590188692797584,NA
"Jinx",5,-0.000592508568427506,NA
"threeman",3,-0.000593278904276777,NA
"r1nkle",4,-0.000593918230113278,NA
"fr3nd",2,-0.00059430704528762,NA
"elo",3,-0.000594937255588723,NA
"squidi",2,-0.000598472211247049,NA
"Chub",2,-0.000598819023443114,NA
"Vladimus",2,-0.000601249391992162,NA
"plyfa",2,-0.00060267440492987,NA
"dejavux",3,-0.00060404940376412,NA
"SYSTEM",2,-0.000607956778227285,NA
"knc1",4,-0.000608985107811932,NA
"Cabbi",3,-0.000609083642084486,NA
"lato",1,-0.000611937371254801,NA
"MyeHvz",2,-0.000616624875273596,NA
"SARANOSTRA",5,-0.000617309793481221,NA
"jayy",1,-0.000617680608885005,NA
"hate",1,-0.000619769524234046,NA
"whitegurlwasted",3,-0.000619818890220951,NA
"ragga",1,-0.000619899654436825,NA
"fredi",5,-0.00062214123690298,NA
"AudDzh",1,-0.00062561165628148,NA
"NikoHeiseN",1,-0.000626835313035771,NA
"Burt^",2,-0.000630410856123859,NA
"bRAiNiAC",2,-0.000631143905811468,NA
"ak-nY",2,-0.000631619761167217,NA
"Basso",12,-0.000632689864987282,NA
"Master",1,-0.000634854223861487,NA
"Inseaniac",2,-0.00063833182573581,NA
"KmZ",2,-0.000639873176361284,NA
"ye9",2,-0.000639893580452653,NA
"SpAwNns",2,-0.000640291375500539,NA
"propleh",12,-0.000640985900209335,NA
"ROBBY1",2,-0.000642865859367452,NA
"cookie",1,-0.000642913780478067,NA
"Westmelon",3,-0.000644289831290068,NA
"maNkz",49,-0.000645752327418501,1.12
"Chewie",2,-0.00065022819329482,NA
"adamS",3,-0.000650596002420741,NA
"AaroN",4,-0.00065154496764173,NA
"Kano",2,-0.000653214012410262,NA
"sAncEpt",2,-0.000653303492506777,NA
"feddan",4,-0.000656930648345877,NA
"keeyto",2,-0.000658287422882174,NA
"flex0r",1,-0.000660081477396583,NA
"lyNNN",4,-0.000661305431647908,NA
"emins",1,-0.000661656499616144,NA
"ReacTioNNN",2,-0.000662390237518065,NA
"shadow",8,-0.00066286952642725,NA
"Limpone",4,-0.000664837640368035,NA
"dead",6,-0.00066531655747604,0.78
"chuch",2,-0.000667077673833167,NA
"crank",2,-0.000667623289768794,NA
"VeXXCoN",1,-0.000667761617824959,NA
"nyte",1,-0.000672006886397887,NA
"tamir",5,-0.00067422209035851,NA
"mezii",131,-0.000674430272863974,1.06
"Kre1N",2,-0.000674706905381002,NA
"Ericip",3,-0.00067529262143473,NA
"Brite",2,-0.000676700690107347,NA
"Styff",2,-0.000677304771315167,NA
"fission",1,-0.000677914799364414,NA
"miko",3,-0.000678808967505795,NA
"Twinx",3,-0.000679371312132053,NA
"Blytz",1,-0.000682690961826585,NA
"Peggyyyyy",2,-0.000682974897747138,NA
"ChrisMaQ",3,-0.00068331430572725,NA
"amtV",2,-0.000684162434931487,NA
"Sa7",4,-0.000695354212751139,NA
"bastien",2,-0.000695649804984726,NA
"kenzyy",1,-0.00069932961625858,NA
"Tesquo",1,-0.000701991914841389,NA
"Fessor",12,-0.000704956926530446,NA
"CrimZM",1,-0.000705201279558559,NA
"BaWaN",1,-0.000707420237100691,NA
"StyroN",2,-0.000709095374198574,NA
"Koro",2,-0.000710187350311626,NA
"Europha",3,-0.0007104447202929,NA
"insaniac",1,-0.000710622586094068,NA
"Twiksar",3,-0.000715815299565555,NA
"glowiing",23,-0.000716301301472518,NA
"nATSU",1,-0.000717815997576787,NA
"Biggie",1,-0.000718641169867951,NA
"Wierd_1k",2,-0.00071890545061569,NA
"krimA",1,-0.000719993852753162,NA
"zape",4,-0.000720027051668547,NA
"Qulon",2,-0.000720098344736369,NA
"Abyss",1,-0.000720699807655961,NA
"osku",2,-0.000722099628356526,NA
"NikoM",9,-0.000723844247220979,NA
"regali",4,-0.000724434126222426,0.88
"Kntz",3,-0.000725626861407082,NA
"CooL",2,-0.000728545908077264,NA
"torzsi",13,-0.000728605966158336,NA
"9makasi",1,-0.00072862416382162,NA
"Simon",1,-0.00072945324491019,NA
"mizoo",1,-0.000730359214609356,NA
"LuL4",6,-0.000730656394279541,NA
"quiver",2,-0.000730733487627183,NA
"HyPe",7,-0.000731657563046137,NA
"Faris",4,-0.000731831082967398,NA
"KILLDREAM",13,-0.000732216875783629,NA
"FreeZe",2,-0.000732390574104283,NA
"lesswill",2,-0.000734010106651327,NA
"wanr0",2,-0.000735094931074062,NA
"dubT",2,-0.000737308202165947,NA
"nEiLZiNHo",3,-0.000737562486651616,NA
"j0der",1,-0.000738386921892807,NA
"tifa",3,-0.000738659621183964,NA
"uQlutzavr",2,-0.000742663847977528,NA
"FONZEN",2,-0.000742676586479123,NA
"NOtA",2,-0.000742955224397108,NA
"kwezz",9,-0.000744141950060393,0.81
"REAL",1,-0.000751693017886647,NA
"tensai",4,-0.00075307282863865,NA
"lainNy",2,-0.000753170789418482,NA
"cype",3,-0.000754066881241608,NA
"cannonchow",2,-0.00075704599485956,NA
"Tusi",4,-0.000758382953022175,NA
"REAL1ZE",2,-0.000758449489379496,NA
"vek",2,-0.000760650209493718,NA
"tutehen",8,-0.000761767861284815,NA
"katovsky",1,-0.000761961669273634,NA
"torr",1,-0.000762288562476289,NA
"Rutk0",2,-0.000763246053542315,NA
"zander",2,-0.000763533368142272,NA
"Pechyn",3,-0.000765176287079702,NA
"impsta",4,-0.000765249049155779,NA
"hiqa1",2,-0.000766101272557775,NA
"felippe",1,-0.000766232463987224,NA
"HenkkyG",3,-0.000766869158889698,NA
"krumpze",1,-0.000772087758112066,NA
"ichibaNNN",16,-0.000772269846849702,NA
"whocares",1,-0.000773849625153947,NA
"LaNrefNi",1,-0.000774503451480346,NA
"far",2,-0.000776484674521257,NA
"saV",2,-0.000776498940511897,NA
"mOE",5,-0.000780558278860892,NA
"neiiXzz",3,-0.000782299054878796,NA
"XataR",1,-0.000782379811407664,NA
"Questionmark",2,-0.000784335861020864,NA
"raoz",2,-0.000785739558194084,NA
"C0M",2,-0.000789073808168903,NA
"starix",15,-0.000792439234059512,0.87
"mOkEn",4,-0.000799202529148496,NA
"Starry",3,-0.000799230001998842,NA
"DeKa",2,-0.000800988130324996,NA
"RoSeY",1,-0.000805490129617095,NA
"BeaKie",2,-0.0008064369758709,NA
"TaM",1,-0.00080695628320571,NA
"D0cC",9,-0.000807113348065654,NA
"dupreeh",1186,-0.000807374979837969,1.11
"1uke",9,-0.000812763986138247,1.32
"ronne",2,-0.000814181422676639,NA
"Foga",1,-0.000816678974999018,NA
"mickey",1,-0.000818929874406731,NA
"zur1s",2,-0.00082590037705671,NA
"ferg",2,-0.000827541067700379,NA
"Jmoments",2,-0.000827922082630438,NA
"mhN1",3,-0.000828432245946187,NA
"kanarito",3,-0.000831466212530876,NA
"prosus",4,-0.000831791932461148,NA
"hiffer",3,-0.000832583363653907,NA
"SEBU",3,-0.000832630483468711,NA
"MAC-1",2,-0.000832982848315479,NA
"ECOKING",2,-0.000834164278402285,NA
"omniscient",1,-0.000835565468409702,NA
"BLACKEAGLE",2,-0.000835990476665851,NA
"crackii",2,-0.000836132046008208,NA
"FalKen",1,-0.000840887987148941,NA
"reD",2,-0.000841320611674744,NA
"Blogg1s",3,-0.000842490269815207,NA
"Xoma",4,-0.000843441253293263,NA
"Kaga",2,-0.000844506209731216,NA
"BREEZY",1,-0.00084702008627764,NA
"xReal",1,-0.000847778649095552,NA
"cau",2,-0.000848981086532082,NA
"Danzji",1,-0.000850049202911483,NA
"EmilShe1n",2,-0.000852586717669621,NA
"bld",2,-0.000852795935413056,NA
"ViztA",5,-0.000853478931536723,NA
"wAKKa",1,-0.000853732632153145,NA
"JOKER",1,-0.000858207147184735,NA
"NathanD",2,-0.000860432708669791,NA
"s0m",119,-0.0008611347124464,0.97
"wjw",2,-0.000861286285106163,NA
"revel",2,-0.000862152265954093,NA
"sany",2,-0.000863301780653035,NA
"my",7,-0.000865141004412107,NA
"faydett",2,-0.000867417694315285,NA
"emilz",2,-0.00086850481740718,NA
"captainMo",333,-0.000868887010872304,0.9
"Blacc",1,-0.00087399371264887,NA
"XFZ",2,-0.000874604067838858,NA
"enix",1,-0.000875655614150584,NA
"Xaisty",3,-0.000876567789635929,NA
"PANIX",5,-0.000877439098321404,NA
"miKnutty",2,-0.000877486018996971,NA
"Maden",280,-0.000879298402298986,1.06
"Chuti",3,-0.000879673796832374,NA
"mnL",2,-0.000885359555896597,NA
"LoWkii",7,-0.000885424406528137,NA
"jet-",3,-0.000887300572381548,NA
"Botrik",3,-0.000889768925267121,NA
"dj_hanski",2,-0.000890167452964644,NA
"Archiello",1,-0.000892160656295584,NA
"Dementor",2,-0.000892722615156597,NA
"w0nderful",4,-0.000897401446644436,NA
"splawik",4,-0.00089740771109785,NA
"cxzi",17,-0.000898175920020392,0.93
"Sirza",1,-0.000899242911711852,NA
"MistFire",2,-0.000900909697517611,NA
"focs",2,-0.000901264782171147,NA
"eaZy",2,-0.00090160131523292,NA
"gut0",2,-0.000904788198920063,NA
"capseN",4,-0.00090720436240391,NA
"conz",1,-0.000907537502664114,NA
"Bibu",2,-0.00090811876770197,NA
"BiggyGreen",2,-0.000910768982235068,NA
"luko",3,-0.0009133514093034,NA
"FIOURN",8,-0.000914251371662378,NA
"DANK1NG",5,-0.000916777152560867,NA
"MCK",2,-0.000917135195753978,NA
"acl",5,-0.000917322299497794,NA
"Sync",2,-0.000918702799200874,NA
"coolio",7,-0.000920472294437264,NA
"gas",2,-0.000922096913420857,NA
"malle",4,-0.000923940609083954,NA
"mango",1,-0.000927395682547192,NA
"Ayeon",4,-0.000928570918662924,NA
"ckay",3,-0.000935997365482971,NA
"Brimo",2,-0.000937751337895297,NA
"And1k",1,-0.000940690994359873,NA
"foxz",3,-0.000942694630170103,NA
"void",3,-0.00094365563752006,NA
"luosrevo",3,-0.000952749931794274,NA
"woxic",664,-0.000953582000035203,1.13
"aslak",1,-0.00095402449150385,NA
"kanii",1,-0.000956507671677382,NA
"joel",2,-0.000956762126840108,NA
"flomaster",2,-0.00095839161278694,NA
"ckf",2,-0.00095857664586847,NA
"mimi",2,-0.00096389343504351,NA
"ritchiEE",7,-0.000966334069959607,NA
"RMN",5,-0.000967694013542458,NA
"bron",2,-0.00096843670803803,NA
"n0ru1es",1,-0.00097258225256543,NA
"jimmy_tw",3,-0.000972705782164176,NA
"SkyShark",2,-0.000975190610195741,NA
"pIrate",2,-0.00097523996276877,NA
"martiNwk",2,-0.000978887397052394,NA
"dukka",2,-0.000979777053471119,NA
"roden",2,-0.000980002553935142,NA
"PwN",1,-0.000982359445736926,NA
"lUMBERJACK",2,-0.000987947049113498,NA
"Fighter",2,-0.000989868917985506,NA
"k0nfig",1123,-0.000990713404455817,1.1
"Llamas",2,-0.000996674594964474,NA
"russ",7,-0.000996951749090433,NA
"biLi",2,-0.000997173569039107,NA
"scorpionMM",2,-0.000998733998661982,NA
"KarriBob",3,-0.000999562861943804,NA
"birdfromsky",33,-0.000999801207781066,1.1
"ta1a",2,-0.00100120469764387,NA
"JumpOlot",1,-0.00100191473724931,NA
"AFFICHKO",2,-0.00100232885799755,NA
"berg",3,-0.00100237287844199,NA
"D0NEKO",4,-0.00100283668926546,NA
"nkl",156,-0.00100493076300529,0.86
"BOROS",16,-0.00100542921665858,NA
"NexFox",3,-0.00100764699525725,NA
"guishorro",4,-0.00100770627362142,NA
"RandomRambo",3,-0.00100875759937754,NA
"PewPewPig",2,-0.00100974239378512,NA
"Noobster",2,-0.00101080545395725,NA
"chawzyyy",4,-0.00101252225452956,NA
"weaNd",2,-0.00101259330203808,NA
"Calyx",424,-0.00102132093119939,1.1
"dipparn",6,-0.00102148581723816,NA
"DuDe",9,-0.00102356607666562,NA
"spellfull",14,-0.00102614911367773,NA
"Tomato",1,-0.00102774168454329,NA
"magi",5,-0.00103198071851481,NA
"EMYOR",6,-0.00103264603395279,NA
"pbf1",2,-0.00103314675889296,NA
"Templ",4,-0.00103326511566375,NA
"Rich",1,-0.00103616189203061,NA
"Cryveng",2,-0.00103657003292107,NA
"WolfY",28,-0.00103661027141123,1.09
"disk0",3,-0.00103868141652808,NA
"ROCKA",14,-0.00103913326559527,NA
"sYnceD",2,-0.00103919809235081,NA
"maxie",1,-0.00104070152075913,NA
"makkeP",2,-0.00104173273510149,NA
"Stingrayz",1,-0.00104174797273469,NA
"asYLum",3,-0.00104222637252728,NA
"MITSARAS",2,-0.00104235102128563,NA
"oBo",227,-0.00104505139760957,1.04
"dobbo",1,-0.00104597396982282,NA
"TorPe",3,-0.0010460143880811,NA
"bitchiR",5,-0.00104720843485545,NA
"juice",1,-0.00104741927536977,NA
"sam_A",2,-0.00105207415706874,NA
"Darkkis",2,-0.0010524220441822,NA
"saNid",1,-0.00105676104270529,NA
"DuckyPanic",3,-0.00105692519842665,NA
"chucky",6,-0.00105735447510541,NA
"ExperiencE",1,-0.00106278926548292,NA
"KCR",2,-0.00106596248609211,NA
"Jay",1,-0.00106667043081587,NA
"repo",76,-0.00106961784765869,0.95
"novel",1,-0.00107175527375185,NA
"Hung",3,-0.00107278912978764,NA
"fender",2,-0.00107341523376769,NA
"UnicorN",4,-0.00107925081159088,NA
"bodyaN",3,-0.00107946072218784,NA
"Minus",1,-0.00108268367483928,NA
"SpeezyX9",2,-0.00108313695794421,NA
"SKYTTEN",6,-0.00108422358619485,NA
"J3nsyy",2,-0.00108539678260846,NA
"lim",2,-0.00108553108275445,NA
"notaN",10,-0.00109273900980355,0.8
"Potei",1,-0.00109483921769455,NA
"THREAT",11,-0.00109724966566438,0.73
"lauNX",3,-0.00109738915851548,NA
"LYNXi",5,-0.0010975138126326,NA
"nettik",4,-0.00109875069044638,NA
"kobruh",8,-0.00109883028843344,NA
"BORKUM",3,-0.00110058030878438,NA
"allu",828,-0.00110224332181226,1.06
"FrostayK",7,-0.0011041376046324,NA
"tudsoN",21,-0.00110612126722484,NA
"Adam9130",1,-0.00111036928562867,NA
"dfen",4,-0.0011115091031502,NA
"holzt",6,-0.0011137934538522,NA
"buue",5,-0.00111830266569805,NA
"emilio",3,-0.00111887070902428,1.08
"nuga",1,-0.00112034299591634,NA
"z4kr",3,-0.00112051379896481,NA
"brnz4n",10,-0.0011219492956783,NA
"Ciocardau",2,-0.00112545827525223,NA
"andrEX",4,-0.00112934780863553,NA
"Netz0N",1,-0.00112956957024157,NA
"yzn",5,-0.00112995062438305,NA
"MisteM",2,-0.00113033262422141,NA
"Click-",2,-0.00113127016166659,NA
"mhL",40,-0.0011353796009956,NA
"who",2,-0.00113581678945563,NA
"JeXeN",4,-0.001139780863606,NA
"kapacho",4,-0.00114037402500761,NA
"aidKiT",2,-0.0011412891227242,NA
"PEX",2,-0.00114129892329526,NA
"AKE",2,-0.0011415413117377,NA
"peet",5,-0.00114243216876992,NA
"Matvey",1,-0.00114524356362611,NA
"NpK",6,-0.00114566120526012,NA
"vLad1r0x",4,-0.00114637027264895,NA
"dan1",2,-0.00114679849590861,NA
"OKOLICIOUZ",15,-0.00114777702783267,NA
"Jmp",2,-0.00114861179938336,NA
"missharvey",2,-0.00115173254544551,NA
"Tomkeejs",4,-0.00115224658189741,NA
"Senpai102k",2,-0.00115628106310101,NA
"MoeycQ",5,-0.00115760152230207,NA
"Stevie",6,-0.00115777695982325,NA
"WHitE",2,-0.00115850730463956,NA
"LyGHT",6,-0.00116001219642622,NA
"SPAMMER",2,-0.00116046807949046,NA
"KuckerZ",2,-0.00116451149263393,NA
"awwe",2,-0.00116495278190153,NA
"Foolz",3,-0.00116544461140726,NA
"Fox",3,-0.00116811600342496,NA
"ace",1,-0.00117430432544034,NA
"viltrex",3,-0.00117784199107516,NA
"oW^",3,-0.001178588335253,NA
"hRRR",2,-0.00117995913521301,NA
"mou",673,-0.00118567687188377,1.05
"kstyle",1,-0.00118679964283569,NA
"summit",6,-0.00118771587594022,NA
"MonttY",25,-0.00118882216779039,NA
"Leaf",5,-0.00118888586514918,NA
"Shipta",2,-0.00119002145804588,NA
"flying",6,-0.00119183889851131,NA
"kiR",5,-0.00119287924174322,NA
"aune",6,-0.00119690806290741,NA
"Lifedance",2,-0.00119738267143475,NA
"v1c",2,-0.00119766277196681,NA
"zAAz",3,-0.00119944969538675,NA
"tor1towOw",2,-0.0012010464478642,NA
"PREET",4,-0.00120480123092266,NA
"mattcd",5,-0.00120555085386503,NA
"Bernard",3,-0.00120805404915336,NA
"slajden",3,-0.00120858546996206,NA
"JAEGARN",2,-0.00120869936862572,NA
"TOR",6,-0.00120932074267771,NA
"RiVAL",2,-0.00120947911544835,NA
"tomi",6,-0.00121091224996703,NA
"Jialocin",3,-0.00121093025139629,NA
"tabz",25,-0.00121308746462354,NA
"corv",2,-0.00121689326908349,NA
"J1rah",10,-0.00121753595214908,NA
"Crityourface",3,-0.00121874134562706,NA
"BoY",11,-0.00122000683611033,NA
"Monster",10,-0.00122165400324405,NA
"michi",5,-0.00122574766423864,NA
"sperr",6,-0.00122696099341838,NA
"tex",3,-0.00123037218499802,NA
"c4Lypso",1,-0.00123249083534635,NA
"Avirity",3,-0.00123571065567427,NA
"joey-f4-",3,-0.00123726850316171,NA
"Jelo",2,-0.00124100128438371,NA
"sinnopsyy",37,-0.0012447806911666,NA
"NBLiTY",2,-0.00124478357190034,NA
"smartshi",3,-0.00124576750293087,NA
"stYleEeZ",2,-0.00124792246959772,NA
"Turismo",4,-0.0012487793743458,NA
"badger",2,-0.00124896047298152,NA
"ultra",1,-0.00124986960187863,NA
"Meddo",5,-0.00125214810726336,NA
"n0tice",4,-0.00125335039968067,NA
"rommi",6,-0.00125470918340464,NA
"z8z",4,-0.00125712626404985,NA
"tabu",4,-0.00126695481929941,NA
"fisher",2,-0.00126917752294417,NA
"KaiR0N-",2,-0.00127353423218612,0.6
"clax",9,-0.00127555745483389,NA
"Remind",1,-0.00127640343173716,NA
"Airax",5,-0.00127720239482087,NA
"Kyojin",104,-0.00127870523895432,0.92
"Krewmer",8,-0.00127910480865309,NA
"EMENK",5,-0.00128328442537516,NA
"hydra",3,-0.00128391456713066,NA
"STOVVE",2,-0.00128430225871622,NA
"klaudia",2,-0.00128845165838476,NA
"potter",1,-0.00128953529611479,NA
"Papichulo",3,-0.00129135433673677,NA
"Laski",3,-0.00129284790750893,NA
"Teal",2,-0.00129379926476159,NA
"TunGY",2,-0.00129513515199931,NA
"xall",4,-0.00130146838292947,NA
"nems",1,-0.00130283263327544,NA
"Attacker",273,-0.0013037015070533,0.9
"Elfern",2,-0.00130802134884451,NA
"cutlazz",2,-0.00131403235431592,NA
"FpSSS",4,-0.00131569653385369,NA
"Hiback",2,-0.00132084384635321,NA
"fed9",3,-0.0013263843444198,NA
"Domsterr",7,-0.00132711879275083,NA
"JazzPimp",2,-0.00132814573723235,NA
"tweiss",2,-0.00132950948559419,NA
"zks",4,-0.00132973520128193,NA
"vEz",4,-0.00133988638496625,NA
"Wolffe",4,-0.00134118735883835,NA
"KuF",2,-0.00134246928509453,NA
"br0",2,-0.00134414360835382,NA
"rigoN",33,-0.00134687420139748,NA
"nJ",6,-0.00134849748588742,NA
"magixx",379,-0.00135162001410989,0.99
"relife",2,-0.00135542125887355,NA
"miksu",2,-0.00136024419094161,NA
"Shabby",1,-0.00136163265059931,NA
"SENER1",16,-0.00136536885022862,NA
"alex_",7,-0.00136716682039904,NA
"eva",3,-0.0013723205255578,NA
"ruffian",4,-0.00137548285559025,NA
"st^",6,-0.00137632855063816,NA
"shhhack",5,-0.00138034665914719,NA
"chrisJ",1109,-0.00138132654229441,1
"emode",4,-0.00138286939489541,NA
"Valiance",9,-0.0013873346699723,NA
"franSerA",1,-0.00138790903732933,NA
"n0swal",4,-0.00138824965627204,NA
"f0lM3r",2,-0.0013900529943571,NA
"Munk",2,-0.00139021183655264,NA
"Console",28,-0.00139151599639247,1.05
"Aerial",520,-0.00139374650704188,1
"Buster",2,-0.00139471816452968,NA
"m1kkis",2,-0.00140167754436772,NA
"DREAM",4,-0.00140168983112262,NA
"Drea3er",9,-0.00140487458593438,NA
"limp",10,-0.00140785409498858,NA
"Dav",2,-0.00140844771070907,NA
"Keiti",7,-0.00140997714729509,NA
"Atikas",3,-0.00141007137037608,NA
"OverR",2,-0.00141406336246323,NA
"sfX",2,-0.00141531105143186,NA
"L0NER",2,-0.00141890937552254,NA
"Subbey",3,-0.00142035149029547,NA
"Rita",6,-0.00142406424817829,NA
"Choco",2,-0.00142438809594647,NA
"dvl",2,-0.00142530750891615,NA
"ad3m",2,-0.0014266210752811,NA
"expro",9,-0.00142843407707434,NA
"xajdish",9,-0.00142848482181729,NA
"Menace",5,-0.00142868183916128,NA
"XANATOS",2,-0.00143170152219564,NA
"s0mmer",2,-0.00143189391356938,NA
"conoR",4,-0.00143324962870733,NA
"natsu",2,-0.00143583614925896,NA
"cENTRYZ",7,-0.00143614819081186,NA
"cheK",4,-0.00143623096683004,NA
"henza",2,-0.00143649048032445,NA
"fierCeY",4,-0.00143708557430016,NA
"kyxsan",2,-0.00143937469192876,NA
"medusa",1,-0.00143992898937259,NA
"Petra",3,-0.00144279633436876,NA
"Gn",3,-0.00145434243055224,NA
"Reita",6,-0.00145553346864684,NA
"5TRYK#R",4,-0.00145731787142215,NA
"ONLY",3,-0.00146296180842336,NA
"LTN",2,-0.00146466996864305,NA
"HOLMES",7,-0.00146895001541701,NA
"PROV",4,-0.00147053418483421,NA
"syken",14,-0.00147520670740374,NA
"Prompt",2,-0.00147525390219277,NA
"GRAMPZ",4,-0.00147555403229636,NA
"ReX",2,-0.00147577129222483,NA
"Banteng",2,-0.00148843909667444,NA
"Pase52",1,-0.0014893457023654,NA
"Ematics",2,-0.00149074070400433,NA
"ELOSSA",6,-0.00149358843091268,NA
"GEOHYPE",2,-0.00149484499167778,NA
"NiNLeX",2,-0.00149551354728533,NA
"bq",4,-0.00150159882039485,NA
"xikii",2,-0.00150224634526893,NA
"fekkegudN",6,-0.00150446252432013,0.6
"kr4sylya",3,-0.00150639071088659,NA
"Gaborik",1,-0.00150740888244159,NA
"melonhead",2,-0.00150995371878171,NA
"n0ize",4,-0.00151014004487537,NA
"rabbit",2,-0.00151059763873105,NA
"dj_skullfuck",2,-0.00151685499666337,NA
"P4TriCK",7,-0.00151721544472726,NA
"delboNi",5,-0.00151904653406775,NA
"f0rest",885,-0.00152075823715229,1.08
"am0",4,-0.00152365357028435,NA
"Boo",2,-0.00152433111202659,NA
"Sideny",4,-0.00152544025808935,NA
"FUSiON",2,-0.00153367493932839,NA
"Manty",3,-0.00153483772088659,NA
"Wolfy",3,-0.00153556736167743,NA
"SP1NT",3,-0.00153658756571382,NA
"failzzr",4,-0.00154344251647464,NA
"Spargo",5,-0.00155520003090861,NA
"Unknown",1,-0.00155558209628953,NA
"koreux",2,-0.00155576501614019,NA
"smike",29,-0.00155674704904,1.13
"EYO",4,-0.00155873167196791,NA
"VKLL",14,-0.00155955293143584,0.69
"kfcg",2,-0.00156003234457048,NA
"Ninis",2,-0.00156065156673528,NA
"M1RACLE",1,-0.00156799741531406,NA
"LNZ",101,-0.00157330734402911,0.91
"flaw",4,-0.00157414148500173,NA
"Amaterasu",1,-0.00157896862397219,NA
"krbl",2,-0.00158115130703755,NA
"Rarkar",4,-0.00158428501609432,NA
"Riq_u",2,-0.00158694822567851,NA
"daMteG",2,-0.00158761494841226,NA
"waffletastic",2,-0.00158850974109609,NA
"BanGa",4,-0.00159016228101151,NA
"doublemagic",6,-0.0015992379272454,NA
"Lamplight",5,-0.0016059260896709,NA
"fANDER",2,-0.00160726002993316,NA
"roseau",4,-0.00160766775219571,NA
"toGe",2,-0.00160828259557615,NA
"zisa",3,-0.00161375875169107,NA
"rox",9,-0.00161498894958108,NA
"EJHAY",2,-0.00161520135711984,NA
"rafftu",14,-0.00161650418065581,NA
"Ruyter",6,-0.00161691947411719,NA
"Tee",2,-0.00161824148927045,NA
"yohan",2,-0.00161856108767652,NA
"V4D1M",9,-0.00161980504270692,NA
"ChanZ",2,-0.00162171400982798,NA
"dennis",671,-0.0016227041519991,1.06
"Andkilde",7,-0.00162906326502066,NA
"SmithZz",329,-0.00163092116687233,0.89
"Zyphon",88,-0.00163764787100619,0.97
"r0bs3n",6,-0.00163930140929318,NA
"draWsouL",2,-0.00163947786343178,NA
"PyromaRnE",2,-0.00164004335175931,NA
"Nasty",5,-0.00164770649240288,NA
"Butters",4,-0.00164819815645586,NA
"yzl1",5,-0.00164830956147208,NA
"YJ",8,-0.00164899242915229,NA
"xCore",4,-0.0016557175838308,NA
"FrostMisty",4,-0.00167034155606738,NA
"Puhlyi",2,-0.00167113325578425,NA
"kazeMM",1,-0.00167355644376078,NA
"krZ",2,-0.00167678859518144,NA
"Izzy",2,-0.0016773116074487,NA
"Doom",3,-0.00168097128411279,NA
"bew",11,-0.00168117968126903,NA
"RenZ",2,-0.00168485912845344,NA
"Elk",2,-0.00168495518805267,NA
"D1medroL",3,-0.00168918459254879,NA
"Ayes",3,-0.00169646330686993,NA
"Church",2,-0.00169669951412037,NA
"hatex",2,-0.00169765809016968,NA
"goffe",2,-0.0016978437336113,NA
"Mr.six",6,-0.00169972313553043,NA
"RashiE",1,-0.00170062482437051,NA
"Raijin",12,-0.00170422227146683,NA
"chrissK",5,-0.00170683505121538,NA
"QKA",11,-0.00171916434331246,NA
"try",14,-0.00172857711831741,NA
"will",6,-0.00173208596523021,NA
"B1NGO",7,-0.00173559905062458,NA
"BluePho3nix",3,-0.00174045257023466,NA
"Gospadarov",4,-0.00174515788565543,NA
"k1tkat",3,-0.00174977681376389,NA
"dgt",14,-0.00175278591097957,NA
"SLOWLY",11,-0.00175474431667264,NA
"larsen",10,-0.00175849951141497,NA
"FASHR",33,-0.00176038137383116,1.17
"fp1",2,-0.00176361923197906,NA
"erkaSt",68,-0.00176425443703661,0.95
"dav1dK",4,-0.00176655130593237,NA
"Electro",4,-0.00176921188278944,NA
"Xzen",2,-0.00176924282737146,NA
"cedrik",2,-0.00177475744614928,NA
"traceFIRE",3,-0.00178145251668378,NA
"siuhy",10,-0.00178408387472256,NA
"Kane",5,-0.00178567017166151,0.42
"v1ko",2,-0.00178717665716514,NA
"kiko",1,-0.00178751413293094,NA
"jitter",5,-0.00180339011210209,NA
"RZU",20,-0.00180376369594322,NA
"lamp",5,-0.0018081701618497,NA
"isak",16,-0.00180817529080902,NA
"Jerppa",3,-0.00182047278541623,NA
"kory",13,-0.00182103483471022,NA
"esio",8,-0.00182298209048936,NA
"havoK",3,-0.00182890709509251,NA
"SasukeQO",4,-0.00183480855912988,NA
"hurtfrisk",7,-0.0018422614100485,NA
"sugaR",12,-0.00184510735832685,NA
"frz",4,-0.00184649432457918,NA
"Mann3n",10,-0.00184908877312984,NA
"zemp",5,-0.00185456940304958,NA
"Rbtx",1,-0.00185663472659065,NA
"sabAAA",6,-0.00185726892034394,NA
"SnypeR",2,-0.00186065349294569,NA
"HaZR",10,-0.00186077299813328,NA
"tricky",7,-0.00186699353120115,NA
"dukeN",7,-0.00186890371023742,NA
"JaKu",8,-0.00187013232644882,NA
"Nami",5,-0.00187077203440646,NA
"scoobyxie",20,-0.00187116365048693,NA
"PureR",2,-0.00187558143662682,NA
"mcs",5,-0.00187675075762975,NA
"SEMINTE",5,-0.00187904254960162,NA
"SOKER",28,-0.00188142842229402,NA
"breAker",5,-0.00188540404092254,NA
"poka",2,-0.00188665154630056,NA
"QuQu",6,-0.00188947300160192,NA
"Roombang",8,-0.00189528183729677,NA
"fAst",5,-0.00189890152468676,NA
"synx",2,-0.00190371380092736,NA
"k1Nky",4,-0.00190719278578421,NA
"tconnors",5,-0.00190769419422131,NA
"Daffu",38,-0.00191320650418741,1.02
"tge",4,-0.00191722101264686,NA
"t0rick",12,-0.00191764349805808,NA
"KSA",2,-0.00192204410900281,NA
"Barken",14,-0.00192444262769289,NA
"Sapec",14,-0.0019261530484411,NA
"Morfan",3,-0.00192698887257583,NA
"jabbi",110,-0.00192743543585748,1.04
"aVN",7,-0.00193152468356011,NA
"iGm",5,-0.00193474621780493,NA
"shroud",395,-0.00193882013644504,1.04
"NEY",7,-0.00193993058442032,NA
"perzon",8,-0.00194242653117543,NA
"sAvana1",3,-0.00195960453861567,NA
"soju_j",11,-0.00196120704690348,NA
"TiramisU",2,-0.00196454488640488,NA
"tN1R",6,-0.00197185472366896,NA
"hwinn",4,-0.00197314724623296,NA
"xelos",59,-0.00197381564846608,0.96
"moki",3,-0.00197757340563688,NA
"C0NVICT",2,-0.00197884855247128,NA
"Topa",4,-0.00198571464170949,NA
"LefteriY",3,-0.00198799518090343,NA
"juliano",3,-0.0019927950408854,NA
"sPiNacH",4,-0.00199400176670342,NA
"nawwk",298,-0.00199653793777928,1.05
"Sidney",22,-0.00201082004701147,NA
"AreoX",1,-0.00201137001291917,NA
"Maiko",5,-0.00201138658081193,NA
"forsyy",11,-0.00201787837839791,NA
"SNk",15,-0.00202182961945207,NA
"nOxii",2,-0.00202324553179224,NA
"peku",8,-0.00202350509547706,NA
"pwny",6,-0.00202503586999462,NA
"KEY",2,-0.00202506036595814,NA
"Ro1f",10,-0.00202649148469402,NA
"lan",4,-0.00203779342377272,NA
"keita",6,-0.00204440648218435,NA
"BeeTee",3,-0.0020492576185025,NA
"3ARK00Z",3,-0.00205011620215745,NA
"zen",6,-0.00205049963491178,NA
"Ejram",3,-0.00205158683962155,NA
"Mystic",12,-0.00205395728039482,NA
"Patrick",7,-0.00205681558948971,NA
"hoag",3,-0.00205957931924442,NA
"riku",8,-0.00206331808965294,NA
"Lk-",2,-0.00206767022221971,NA
"FlykingJVE",2,-0.00206918018895524,NA
"KAB0M",6,-0.0020702349842947,NA
"Olivia",9,-0.00207072404544874,NA
"ponkt",3,-0.00207480576677637,NA
"GuardiaN",779,-0.00207879458663929,1.08
"tacitus",3,-0.00208464908849694,NA
"Stev0se",4,-0.00209876188620598,NA
"SPUNJ",50,-0.00210322424700499,0.78
"sayonara",5,-0.00211020454976515,NA
"alexRr",10,-0.00211557186813041,NA
"Malikof",2,-0.00211838417690664,NA
"MaTaFe",6,-0.00212570023905381,NA
"cosmeeeN",18,-0.00212773359363999,NA
"uNdo",14,-0.00213517673339045,NA
"bobeksde",6,-0.00214266782165035,NA
"enanoks",3,-0.00214288205195547,NA
"hpp",6,-0.00214671931202738,NA
"Wilky",3,-0.002151462055066,NA
"lukjjE",10,-0.00215585562861899,NA
"Jerry",583,-0.00217078928160135,1
"SHiNE",6,-0.00217278648643215,NA
"Zeus",667,-0.00217296335161272,0.93
"CarterJ",4,-0.00217361450275738,NA
"pava",8,-0.0021738138103674,NA
"juanflatroo",41,-0.00217522704086336,NA
"felps",573,-0.0021822541108601,1.06
"beastik",103,-0.00218303016933868,0.86
"heretic",4,-0.00218474820398717,NA
"VNko",3,-0.002184887486169,NA
"Boombl4",584,-0.00218527870332223,0.99
"nbl",9,-0.00219074367044905,NA
"JamYoung",11,-0.00219267563766259,NA
"Shooter",3,-0.00219592155354719,NA
"SandeN",15,-0.00219760859167424,NA
"amigo",2,-0.00220439472496319,NA
"FRANSSON",6,-0.00220509585165134,NA
"weber",6,-0.00221008115512703,NA
"keeN",15,-0.00221049250197904,NA
"MarKE",193,-0.00221096724974228,0.97
"panda$ex",4,-0.00221261365524834,NA
"powerputte",12,-0.00221618531048984,NA
"stavn",629,-0.00221618688675637,1.08
"NEEX",12,-0.00221803795129782,NA
"xype",5,-0.00221848257034007,NA
"Polox",9,-0.00222460635803213,NA
"wrath",37,-0.00222942351787908,1.02
"Twista",11,-0.00224316968376411,NA
"GII",2,-0.00224830392181369,NA
"zende",8,-0.00225404036557628,NA
"MAIDHEN",6,-0.00225521938694713,NA
"Certus",5,-0.00226251106044201,0.63
"blocker",171,-0.00226291423268352,0.92
"arKimonday",9,-0.00226466245212438,NA
"Rampage",13,-0.00226513102844085,NA
"ztk",11,-0.00226870541443817,NA
"BONA",12,-0.0022813377975175,NA
"0i",6,-0.00228204169974545,NA
"Cicatriz",1,-0.00228243681838578,NA
"jokes",2,-0.00228450054454573,NA
"ShoT_UP",7,-0.00228495459661872,NA
"beyAz",5,-0.00228661970796258,NA
"Polt",24,-0.00229537364802386,NA
"nukkye",143,-0.00230347597242503,1.09
"Twistzz",1124,-0.00230487279515847,1.11
"pietola",11,-0.00230531801998693,NA
"virtus",6,-0.00232457259747957,NA
"Keoz",60,-0.00232579001707087,NA
"doktizh",4,-0.00232730580620622,NA
"Loord",6,-0.00233778518222399,0.53
"jcrueL",10,-0.00234903691870313,NA
"Swahn",6,-0.00235860603978669,NA
"Nostra",4,-0.00235966177822887,NA
"haste",10,-0.00237732480410109,NA
"dobu",17,-0.0023797955331713,NA
"bt0",4,-0.00238139226703284,NA
"bodito",10,-0.00238372600755282,NA
"stellar",13,-0.00238476105301472,NA
"cardiac",6,-0.00238766765308238,NA
"vvalter",3,-0.00238854383255657,NA
"kr1zzer",10,-0.00239287537928315,NA
"Djoko",50,-0.00239490229571988,NA
"s0ules",2,-0.00239626699742704,NA
"spat1ch",2,-0.00239916960758314,NA
"stax",14,-0.00240518066771975,NA
"jaxi",9,-0.00240951845679903,NA
"Zix",6,-0.00241045842380509,NA
"retchy",6,-0.00241660134344824,NA
"CEKKA",1,-0.00241737464793576,NA
"Porya",17,-0.002421598007135,NA
"HugoXD",20,-0.00242949952522884,NA
"minio",7,-0.00243365082878994,NA
"PetitSkel",16,-0.00243800428565077,NA
"dastan",13,-0.00243805072646123,NA
"t0mmyy",2,-0.00243987257952037,NA
"grux",37,-0.00244208118045869,0.92
"XpG",6,-0.00244637785928191,NA
"hoody",71,-0.00244771102260674,NA
"byali",628,-0.00245201068410997,1.03
"nitr0",1041,-0.00248286592558681,1.01
"koyot",9,-0.0024873042599937,NA
"joshbM",4,-0.00249237206172647,NA
"dapr",90,-0.00249395714715652,NA
"Brollan",692,-0.00249399821829533,1.08
"kHRYSTAL",9,-0.00249985235152241,NA
"Artill",9,-0.00250224734900628,NA
"Fog",2,-0.00251315707274534,NA
"iM",16,-0.00251603587840422,NA
"cynic",15,-0.00251657129454337,NA
"devastation",2,-0.00251902900434342,NA
"Radifaction",23,-0.00252855610766621,NA
"AlaNDieg0R",5,-0.00252888835871873,NA
"MAKKA",5,-0.00253574167828922,NA
"XotiC",17,-0.00253886277056183,0.9
"kingsblend4",4,-0.00254261067723236,NA
"OverDrive",1,-0.00254344521063262,NA
"Celrate",15,-0.00254679859092827,NA
"disturbed",13,-0.00255171076035825,NA
"reck",4,-0.00255895696435058,NA
"Hunter",4,-0.00256477642321897,NA
"robby",13,-0.00256957479211461,NA
"9/S/",6,-0.00257035160909482,NA
"frozen",549,-0.00257079485523317,1.1
"avis",2,-0.00258670277036372,NA
"wallax",9,-0.00259160488128552,NA
"DeStRoYeR",7,-0.0025916237842521,NA
"Prism",6,-0.00259217743340801,NA
"Sayf",20,-0.00259712258765773,NA
"NiNo",3,-0.00260069241842348,NA
"muziwei",7,-0.00261331596281401,NA
"dZ",3,-0.00261409805980622,NA
"maaRaa",6,-0.00262346888724071,NA
"EllisoN",3,-0.00262574068306375,NA
"Friis",302,-0.00262677774886153,0.96
"Kan4",11,-0.00262983045981199,NA
"sorrow",20,-0.00263444884381794,NA
"L4F",4,-0.00263494751066935,NA
"chrizm",1,-0.00263829655592292,NA
"hype",6,-0.00263970903723708,NA
"stb",1,-0.00264515663028805,NA
"Gauthierlelelele",3,-0.00264689440207541,NA
"raafa",10,-0.00265237848408409,NA
"AE",28,-0.00265441647830202,0.74
"pzK!D",9,-0.00266744506143755,NA
"kreaz",46,-0.0026693989415919,1.02
"Dewid",6,-0.00267012215916778,NA
"speed4k",106,-0.00267119889175881,0.94
"stk",9,-0.0026772495816657,NA
"luckeRRR",21,-0.00268656009474247,NA
"bishop",5,-0.00268745339854491,NA
"jackhan",7,-0.00269117474633434,NA
"dmm",5,-0.00269443881816138,NA
"Sound",10,-0.00269956233870585,NA
"manguss",11,-0.00270239454025144,NA
"AlekS",5,-0.00270349000811519,NA
"Aunkere",10,-0.00270733005609494,NA
"afro",50,-0.00271106089427968,NA
"zecK",6,-0.00272697538141485,NA
"James",6,-0.00273067215018423,NA
"LeX",20,-0.00273067244097799,NA
"X5G7V",14,-0.00273086737810955,NA
"caike",17,-0.00273774976112212,0.85
"Fearoth",7,-0.00273854228600979,NA
"NMV",2,-0.00273905672398555,NA
"Heyz1ng",2,-0.00274646268007695,NA
"xiaogen",2,-0.0027501480951383,NA
"dERZKIY",12,-0.0027511403030277,NA
"krii",14,-0.00275412355457725,NA
"Patitek",18,-0.00275844564424462,NA
"khobra",6,-0.00276484513945491,NA
"crashies",20,-0.00276983277743097,NA
"Muzoona",3,-0.00278770227393237,NA
"fRoD",4,-0.00279070454001155,NA
"SkulL",12,-0.00279934707079111,NA
"Nurfed",2,-0.00279960450581755,NA
"InfrequeNt",4,-0.00281349561966372,NA
"eraa",15,-0.00281494789131796,NA
"BELCHONOKK",2,-0.00281746397791652,NA
"eneshan",2,-0.0028223266141975,NA
"KRIMZ",1080,-0.00282309656875227,1.05
"Aikas",3,-0.00283046152739663,NA
"DeniMM",8,-0.00283442171176169,NA
"DiMKE",8,-0.00283531390055234,NA
"stark",13,-0.0028360355027122,NA
"AmaNEk",744,-0.00284903423491968,1.01
"slap",23,-0.002850952386081,0.73
"HexT",11,-0.00285240499419922,NA
"twist",834,-0.00285636892228886,1.03
"Andyy",10,-0.00286817488644806,NA
"sancz",35,-0.00286938487097399,NA
"ryotzz",10,-0.00287231629186953,NA
"ADEJIS",11,-0.00287407819601449,NA
"pauf",82,-0.00287436485660363,0.95
"SasuKe",14,-0.00287744493522862,0.92
"Ex3rcice",38,-0.00288669846550175,NA
"WyCloud",2,-0.00289117536162306,NA
"RaZ",9,-0.00289221814677309,NA
"KHTEX",8,-0.00289544015077284,0.54
"PAINT",10,-0.00290286298163213,NA
"NikkeZ",2,-0.00290565181229653,NA
"Partodis",6,-0.00290604938209218,NA
"mini",19,-0.00291401035356381,0.96
"SHOOWTiME",279,-0.00292201608823829,0.91
"aimaNNN",10,-0.00292753231538213,NA
"tck",8,-0.00293878947735368,NA
"soifong",3,-0.00294303093371314,NA
"Woro2k",39,-0.00294645022619284,NA
"Aleksib",645,-0.00295995249651283,0.99
"smF",30,-0.00296035837233927,0.93
"s550",5,-0.00297470731119905,NA
"nicoodoz",111,-0.00297758263656586,1.05
"Derkeps",8,-0.00297948044106278,NA
"xns",12,-0.00298064410215524,NA
"dizzywi",7,-0.00298064576232642,NA
"misutaaa",313,-0.00298419358769475,0.99
"decent",9,-0.00298802718904284,NA
"ZINKEN",15,-0.00299879682349201,NA
"TACO",1095,-0.00300447190216184,0.96
"cromen",116,-0.00300495082092768,1.05
"frgd",3,-0.00301099154531002,NA
"rezex",18,-0.00301205694184634,NA
"MomentPlz",5,-0.00301315608432775,NA
"PLAZ",1,-0.00301359020490528,NA
"SAGGERTON",35,-0.00301586546762297,NA
"dee",5,-0.00302414683269683,NA
"KS",5,-0.00303099742163387,NA
"Daveys",2,-0.00304320096138475,NA
"FlipiN",3,-0.00304460562344785,NA
"Kairi",20,-0.00304724088856105,NA
"dumz",16,-0.0030703494975167,NA
"anarkez",32,-0.00307538247614889,NA
"jayzaR",28,-0.00308969990979499,0.75
"gab",2,-0.00309815035680626,NA
"karrigan",1242,-0.00309974352395589,0.92
"bENITA",2,-0.00311956743545106,NA
"phzy",16,-0.00313570898567322,NA
"Argency",14,-0.00313774362514494,NA
"apocdud",12,-0.00314605233271615,NA
"blackpoisoN",7,-0.00315213418384946,NA
"SOON",12,-0.00317389018415898,NA
"quix",11,-0.00317683749829654,NA
"pachanga",15,-0.00319462615080037,NA
"downie",9,-0.00319604056741398,NA
"saffee",28,-0.00319803940974538,NA
"doto",196,-0.00321109311387922,0.95
"Farlig",217,-0.00321328180617608,1.05
"PeetyG",2,-0.00323497604579388,NA
"Polly",14,-0.00323703025076266,NA
"roeJ",299,-0.00325310511402658,1.08
"BURNRUOk",15,-0.00325683734681379,NA
"AZK",14,-0.00325808462407847,NA
"AlluM3tt3",6,-0.00326567530125209,NA
"thyx",5,-0.00327358928077508,NA
"Skurk",14,-0.00327949960683353,NA
"ecfN",22,-0.00328362046636671,NA
"ayaya",10,-0.00328391942487517,NA
"kabal",12,-0.00328623320873455,NA
"phantom",7,-0.00329772948654799,NA
"sausol",34,-0.00330025057032953,NA
"floweaN",7,-0.00330087211162399,NA
"FinigaN",21,-0.00330116865551092,NA
"aproto",12,-0.00330277418441475,NA
"stadodo",81,-0.00330677057927601,NA
"BERRY",20,-0.00331112716395906,NA
"Sobol",25,-0.00331502209404763,NA
"witmer",30,-0.00331921867251729,NA
"Jame",691,-0.00331967740369848,1.15
"j3kie",32,-0.00332407438636408,0.82
"jkaem",700,-0.00332540560982089,1.03
"latto",29,-0.00333236293627304,NA
"IceBerg",6,-0.0033384959825192,NA
"FREDDyFROG",92,-0.00334294054443152,NA
"mikki",6,-0.00334427579789373,NA
"JUGi",602,-0.00336025613695267,1.05
"Krad",361,-0.00336045388214143,1.01
"sergej",443,-0.00336769214834465,1.07
"fabi",6,-0.00336940177021552,NA
"Karsa",18,-0.00337237440493147,NA
"moxie",14,-0.00338780289262896,NA
"NickelBack",327,-0.0033889578728783,0.96
"jL",33,-0.00339535826709833,NA
"tonyblack",84,-0.00339660308184443,0.97
"Puls3",10,-0.00341723695325708,NA
"SENSEi",33,-0.00343454107104017,1.12
"HUGHMUNGUS",12,-0.00343674642029452,NA
"Dallas",18,-0.0034398905837324,NA
"PwnAlone",24,-0.0034450979544899,NA
"maL",2,-0.00345294233780536,NA
"blade",15,-0.00345349007066661,NA
"nilo",16,-0.00345538802667419,NA
"Pogba",5,-0.00346132884216906,NA
"shEMETA",10,-0.00346458172348114,NA
"valde",1085,-0.00347211212516921,1.1
"ardiis",3,-0.00348780550371174,NA
"curry",30,-0.00349639317629395,NA
"starkiller",4,-0.00351778351005367,NA
"degster",198,-0.00351845077090118,1.09
"stonde",24,-0.00352145929780762,NA
"meisoN",9,-0.00354734837590033,NA
"benny",15,-0.00354871719316911,NA
"Norwi",29,-0.00355054087532777,0.68
"SIXER",386,-0.00355997193671828,0.92
"JIaYm",14,-0.00357338068023869,NA
"maak",10,-0.00360220081573697,NA
"flowsicK",17,-0.0036044642972591,NA
"cbbk",6,-0.00361035054521292,NA
"donQ",9,-0.00361114371671221,NA
"sterling",22,-0.0036138481213131,NA
"Xp3",20,-0.00361584882869651,NA
"Patsi",34,-0.00361782478082445,0.82
"Tsogoo",20,-0.00364196323651163,NA
"Shykarny",1,-0.0036480701751471,NA
"peelk",2,-0.00366544339853638,NA
"biguzera",32,-0.00366669906093859,NA
"eLiVe",16,-0.00367372325701751,NA
"Grusarn",23,-0.00368318201892508,NA
"dazzLe",81,-0.00368734067488478,NA
"xccurate",196,-0.00368998396642342,0.97
"exhie",6,-0.00369474585960958,NA
"EspiranTo",375,-0.00369506872193058,1.02
"h4rn",94,-0.00369814472923262,1.18
"fitch",298,-0.00369880168284133,0.95
"Rambutan",3,-0.00370202979759483,NA
"Barcode",9,-0.0037021208959291,NA
"Luzuh",7,-0.00370456447396146,NA
"xek",4,-0.00370551884831789,NA
"Johnta",6,-0.00371211333312451,0.76
"shuadapai",16,-0.00372567981123059,NA
"Brehze",808,-0.00372694422770342,1.1
"Kevve",8,-0.00374606831260581,NA
"faveN",343,-0.00375555313819254,1.04
"glace",51,-0.00375620434867322,NA
"KalubeR",55,-0.00375695558141411,0.98
"MALI",2,-0.00376101376232984,NA
"Hobbit",815,-0.00378032446166897,1.1
"spaydeR",2,-0.00378717484154938,NA
"Kristou",31,-0.00378835241481649,NA
"anger",22,-0.00379266072358908,NA
"Immi",10,-0.0037957121638325,NA
"djay",19,-0.00380953968527696,NA
"Queenix",26,-0.00382155377398119,NA
"gmanchew",6,-0.00383033476369081,NA
"shalfey",25,-0.00383622212235011,0.82
"Marved",14,-0.00385343494568196,NA
"YOUYOU",14,-0.00385635398825416,NA
"qqGOD",8,-0.00387265437886022,NA
"draken",505,-0.00388522376273093,1.07
"Krimbo",5,-0.00389614132155767,NA
"haflex",5,-0.00391112907967788,NA
"coldzera",1172,-0.00391672856517526,1.14
"Bwills",14,-0.00392880981446205,NA
"realziN",4,-0.00396638836469454,NA
"hqx",5,-0.00397002498752785,NA
"Lambert",32,-0.00397460032752132,NA
"Rainwaker",146,-0.00397894881308439,0.97
"REZ",1010,-0.00398432247271185,1.05
"Ryxxo",34,-0.00399001873491487,0.94
"hyoil",3,-0.00399122231458602,NA
"BENDJI",41,-0.00400665314273313,NA
"darko",39,-0.00401406128560602,NA
"fl0m",18,-0.00404160667578358,NA
"pancc",11,-0.00404831249161595,NA
"maxmeister",5,-0.00405005836649105,NA
"hooch",180,-0.00405310868655409,0.86
"mir",553,-0.00406616973011395,1.09
"DeadFox",530,-0.00407713708805607,0.95
"Mayker",12,-0.00408536303145803,NA
"raalz",15,-0.0040919508212077,NA
"dsr",13,-0.00409267108725005,NA
"kade0",20,-0.00409361331623708,NA
"b0RUP",473,-0.00409607702575079,0.96
"netrick",14,-0.0040969512164517,NA
"jnt",29,-0.00410046321788927,NA
"Ace",54,-0.00410747945879567,NA
"JDC",18,-0.00413089597200183,NA
"LOMME",44,-0.00414025307834148,0.94
"KENSI",185,-0.00414228974123324,1
"Markos",31,-0.00416822648046325,NA
"Spinx",135,-0.00417260138203517,1.13
"la3euka",8,-0.00417623771258085,NA
"Jewelry",7,-0.0041800418951656,NA
"cadiaN",734,-0.00418135564751962,1.04
"Nervous",2,-0.00418217962708084,NA
"mistou",65,-0.00419608639496715,0.95
"s1",10,-0.00420473803955889,NA
"Polen",18,-0.00420875779145693,NA
"Char",11,-0.00421835088473166,NA
"flashstep",7,-0.00424513108179484,NA
"Carcass",6,-0.00424720433649707,NA
"hades",132,-0.00425450765339107,1.05
"Koshak",10,-0.0042664838151649,NA
"KHRN",37,-0.00426683833730663,NA
"poizon",497,-0.00427758011291294,1.04
"xsepower",398,-0.00432180094661646,1.11
"mertz",308,-0.00432543273224208,1.07
"F1KU",80,-0.00432844319533519,NA
"tecek",14,-0.00434139260661532,NA
"aKis",22,-0.00434344834526942,NA
"JW",1098,-0.0043559290921216,1.04
"Detrony",18,-0.00435646913062388,NA
"dEE",7,-0.00436095389755694,NA
"R0b3n",19,-0.00437047620763294,NA
"VINI",602,-0.00437311663919221,0.97
"interz",325,-0.00437525752443013,0.94
"DJOXiC",19,-0.00437956886626419,NA
"Laz",15,-0.004382433603109,NA
"MATYS",11,-0.00438659290996164,NA
"ASERE",1,-0.00439190669887833,NA
"ZEDKO",121,-0.00440459117652218,0.93
"reversive",15,-0.00440521341328226,NA
"pyth",186,-0.00440709732438368,0.99
"autostop",2,-0.0044239110344636,NA
"1eeR",20,-0.00443839102190535,NA
"rallen",404,-0.00445171281578517,0.99
"kAyle",3,-0.00446116303403418,NA
"BirdehBox",2,-0.00446260900161611,NA
"shinobi",44,-0.00446858225447532,NA
"acAp",12,-0.00447589891119169,NA
"LETN1",324,-0.00448467484868804,0.92
"5lav",1,-0.00448793404492161,NA
"XELLOW",13,-0.00449061243586025,NA
"HEAP",76,-0.00449193931133023,NA
"nexa",759,-0.00450116016964255,1.05
"333ed2k",9,-0.00450482643041401,NA
"BL1TZ",20,-0.00450857435713096,NA
"Nksu",3,-0.00450892756128673,NA
"skullz",9,-0.00452080194141547,NA
"frei",11,-0.00454641596733181,NA
"JUST",81,-0.00454951306065571,NA
"psycho",10,-0.00455179336584253,NA
"flamie",964,-0.00457721153777318,1.04
"waneG",11,-0.00458607891677519,NA
"dzt",8,-0.00459103351657935,NA
"Bobosaur",10,-0.00459322178895412,NA
"Happy",565,-0.00459395105805075,1.02
"bee",13,-0.00459447377483592,NA
"Lukki",46,-0.00460305561515899,0.79
"malbsMd",45,-0.00461915549733129,NA
"Slemmy",109,-0.00462291234538869,0.8
"RuStY",118,-0.00463021443433398,0.95
"Rock1nG",20,-0.00463508225490559,NA
"PALM1",4,-0.00463906127957539,NA
"Svedjehed",4,-0.00464500584092997,NA
"Jaybk",2,-0.00465298524469489,NA
"Rejin",2,-0.00465300411093819,0.44
"friberg",667,-0.00465339979285669,0.98
"Blastinho",6,-0.00465920974828406,NA
"apEX",1152,-0.00465989172193144,1.03
"Jinxx",12,-0.00466264973799268,NA
"Jayzwalkingz",31,-0.00467169435762296,0.76
"PTC",10,-0.00467880067794833,NA
"xCeeD",17,-0.00469292576346085,NA
"poem",9,-0.00469460977859416,NA
"kUcheR",30,-0.00469521816010774,0.98
"szejn",10,-0.00471962358161459,NA
"Zilkenberg",21,-0.00472884675446287,NA
"LOGAN",153,-0.00473298286320502,0.91
"Fuks",18,-0.00473581235343867,0.77
"buster",661,-0.00473633122563163,1.03
"junior",125,-0.00473957535559564,0.89
"spaze",97,-0.00475434048595326,0.89
"LUCAS1",595,-0.00475501915761636,1.04
"uli",13,-0.00475733803131974,NA
"JamezIRL",17,-0.00476763195265664,0.59
"Swisher",17,-0.00478141857718272,NA
"rain",1208,-0.00478341872427557,1.08
"nosraC",8,-0.00479077636427934,NA
"vice",99,-0.00480349899064159,0.76
"fnx",319,-0.00480544854467947,1.11
"thief",8,-0.00481165749023228,NA
"Toy",14,-0.00481186161202636,NA
"DemQQ",33,-0.00484142732901307,0.87
"ProbLeM",14,-0.00485219140855748,NA
"fr0slev",36,-0.00487235748733201,NA
"TenZ",33,-0.00488264666398019,1.01
"exit",45,-0.00491033643384657,NA
"asmo",2,-0.00494578761147175,NA
"EasTor",51,-0.00495863427100065,NA
"darti",10,-0.00496049065490027,NA
"aumaN",70,-0.0049692259753976,NA
"no_one",32,-0.00497325458872122,NA
"chop",5,-0.00499732187317754,NA
"cajunb",873,-0.00500326405489728,1.06
"roman",15,-0.00501579595927062,NA
"kSTYLE",2,-0.00502215048456925,NA
"ALEX",604,-0.00503966023577358,0.98
"Snax",751,-0.00505656050635621,1.03
"icem4N",25,-0.0050569431682387,NA
"Duplicate",144,-0.00506670524865809,0.95
"kaper",83,-0.00507661909003154,0.94
"spyleadeR",156,-0.00508417884602134,0.96
"Nodios",55,-0.00509245205728277,NA
"4pack",12,-0.0050965023754084,NA
"xevR",9,-0.00510907733246549,NA
"oskar",793,-0.00511364595790807,1.14
"zewsy",47,-0.00512165964739734,NA
"J0hnny",3,-0.00513233996777179,NA
"Inzta",24,-0.00513448519132892,0.94
"Sergiz",29,-0.00514667040034341,0.89
"Boaster",7,-0.00515339981672879,NA
"juho",95,-0.00515877762905312,NA
"niko",915,-0.00516650845673695,1.02
"RIKO",14,-0.00517902875380018,NA
"chopper",546,-0.00518335514739801,0.96
"moose",143,-0.00519765759106333,NA
"wenton",85,-0.00519860051470071,0.95
"rAge",30,-0.00522159389753961,NA
"NK4Y",16,-0.00522344235640097,NA
"PORKiEE",2,-0.00522690525632457,NA
"matty",15,-0.00522936917748053,NA
"wiz",11,-0.005231717744205,NA
"takej",15,-0.00523348032621332,NA
"kRYSTAL",369,-0.00523927963478896,0.82
"LSG",2,-0.00524526598532843,NA
"H4RR3",47,-0.00524653852975927,NA
"fox",155,-0.00524912080752552,1
"ELUSIVE",18,-0.00524957007294374,NA
"Twixie",21,-0.00525235688710279,NA
"MOLSI",24,-0.0052891116632666,NA
"BouLy",8,-0.00529983309521732,NA
"spamzzy1",2,-0.00530638382043306,NA
"SADDYX",26,-0.0053136342942234,NA
"rmn",92,-0.00532096273992147,NA
"BTN",12,-0.00532593403446421,NA
"tucks",32,-0.00532696595754757,0.56
"SileNt",75,-0.00533132658796685,0.82
"vSa",27,-0.00533849117095376,NA
"mds",129,-0.00535038927749465,NA
"Xant3r",4,-0.00535413563852746,NA
"dennyslaw",147,-0.00535920950421064,1.06
"Ramz1kBO$$",50,-0.00536978535179451,NA
"Nivera",68,-0.00538806653729292,1.08
"FL1T",574,-0.00540225541171797,1.06
"pashaBiceps",645,-0.00541303137758403,1
"Karus",24,-0.00544442760836057,NA
"arT",603,-0.00544490110803109,1.02
"broky",409,-0.00545063009288617,1.07
"nmt",3,-0.00545171916466787,NA
"Walco",11,-0.00547533960292307,NA
"Bymas",271,-0.00547870115388789,1
"f4stzin",23,-0.00548739858641553,NA
"dumau",49,-0.00549554612631752,NA
"NBK-",1014,-0.00551087378166572,1.02
"Snappi",1014,-0.0055303677009504,0.96
"BlackMamba",5,-0.00554448101126442,NA
"Geniuss",4,-0.00554624294006177,NA
"valens",22,-0.00556129577055328,0.58
"Oderus",23,-0.00557749077259893,NA
"JoshRT",6,-0.00558366036141543,NA
"PASHANOJ",18,-0.00558654381594024,NA
"HADOUKEN",2,-0.00558827491181372,NA
"def",25,-0.00559729963494295,NA
"wannafly",5,-0.00559948514237831,NA
"Lekr0",916,-0.00562074790890171,1.04
"ponczek",47,-0.00562112618461745,NA
"mono",60,-0.00563470338782683,NA
"CyberFocus",17,-0.00564003005228327,NA
"kalinka",37,-0.00564941321146063,0.96
"nex",530,-0.00565036186601912,1.07
"TENZKI",311,-0.00567143247863852,1
"RpK",1050,-0.00567535550938059,1
"Noktse",16,-0.00567603472995641,NA
"barce",15,-0.00568527414415765,NA
"YEKINDAR",323,-0.00568532987843206,1.11
"bubble",512,-0.00568689191358345,0.98
"pita",38,-0.00569115906305628,0.74
"ayken",14,-0.00570177790507422,NA
"ncl",20,-0.00570184711773085,NA
"mch",18,-0.0057129716735618,0.74
"zEVES",23,-0.00572884043743997,NA
"MetaL",12,-0.00573917484675122,NA
"Rickeh",299,-0.00574647674832739,1.07
"dycha",299,-0.00575012439963629,1.08
"rooRoooo",19,-0.00575194447678211,NA
"MUTiRiS",91,-0.00575244714705006,NA
"kioShiMa",512,-0.00575439298380917,1.02
"CRAZY_KING",1,-0.00576989250526463,NA
"Professor_Chaos",34,-0.00579570519078133,NA
"arki",88,-0.00581442732368776,NA
"Forester",359,-0.00583383090823974,1.01
"Voltage",39,-0.00586193377288356,NA
"AdreN",900,-0.00586897456481396,0.99
"HECTOz",13,-0.00587357448298166,NA
"NaToSaphiX",149,-0.005891249709559,0.9
"DiE",3,-0.00589805530262411,NA
"STYKO",947,-0.00589900478054159,1
"Lucky",374,-0.00590127231155395,0.97
"Lucky",374,-0.00590127231155395,0.97
"dragunov",9,-0.00590576288833871,NA
"ckzao",3,-0.0059183786201627,NA
"fix",22,-0.00591904628276672,NA
"AiyvaN",32,-0.00591954290062525,NA
"leman",50,-0.00592119670373889,NA
"refrezh",335,-0.00592576461973482,1
"ScrunK",26,-0.00592791869346424,NA
"Benkai",36,-0.00594129181190626,NA
"electronic",1005,-0.0059444648949432,1.14
"GeT_RiGhT",756,-0.00595352114876509,1.04
"vanity",137,-0.00597847011961081,0.96
"Kylar",26,-0.00598083114380762,NA
"b4rtiN",65,-0.00598661235694079,NA
"denis",675,-0.00600094193197684,0.95
"JT",216,-0.00600588738871019,0.86
"jedqr",61,-0.00602641655879469,NA
"effys",8,-0.00605880639114775,NA
"spiker",14,-0.00610437723413121,NA
"els",20,-0.00613207392048757,NA
"LEGIJA",301,-0.00616279679230005,0.88
"ryk",9,-0.00617586962520372,NA
"xiaosaGe",19,-0.00617839920792237,NA
"FGB",5,-0.006182558913735,NA
"dukefissura",18,-0.00619910156819286,NA
"atter",31,-0.00620012839865032,NA
"penny",29,-0.00620042089173909,NA
"slaxz-",88,-0.00620436172193385,NA
"Fadey",25,-0.00620444548549075,NA
"BnTeT",370,-0.00622534962768646,1.04
"supra",43,-0.00623209683404015,NA
"food",56,-0.00624511229663099,NA
"wizard",3,-0.00625056038007376,NA
"alex",142,-0.00625640298246499,1.03
"INS",131,-0.00625737904778577,1.05
"Derek",2,-0.00627199785281657,NA
"Lack1",328,-0.00627840038762492,0.93
"mar",37,-0.00629163845448265,NA
"jks",927,-0.00630275545469446,1.05
"PERCY",62,-0.00630657641663727,NA
"liTTle",24,-0.0063410504135298,NA
"Kaze",68,-0.00635032275685462,NA
"v1c7oR",478,-0.00635293598394149,0.99
"Jumpy",21,-0.00636164097822715,0.62
"ben1337",32,-0.00636213141222602,NA
"a2z",27,-0.00636555374767777,0.84
"Skadoodle",673,-0.0063853433661624,1.02
"tabac0",5,-0.00642327234620747,NA
"dayV1D",3,-0.00643190623425574,NA
"Retla",2,-0.00647267893630252,NA
"Snakes",30,-0.00647665427154223,NA
"MAJ3R",390,-0.00647867304652563,1
"YY",2,-0.0064977097689639,NA
"fame",57,-0.00654043701469587,NA
"MAiNLiNE",54,-0.00654855345495305,0.81
"Liazz",339,-0.0065492332531085,0.99
"gejmzilla",5,-0.00660929812448155,NA
"kenzor",29,-0.00662355331033201,NA
"inVert",17,-0.00666028168417628,NA
"Hyper",91,-0.00666423071805305,0.9
"busta",2,-0.00667292444845536,NA
"STOMP",69,-0.00667776432769994,NA
"crony",1,-0.00669008147246679,NA
"dimasick",73,-0.0066941023444486,NA
"FugLy",510,-0.00670437492575711,0.98
"yay",171,-0.00670968683710134,0.94
"akez",19,-0.00672185851627569,NA
"abE",33,-0.00672993982975966,NA
"RAiLWAY",10,-0.00673536574606567,NA
"Jackinho",63,-0.00675275147235445,0.96
"blackie",1,-0.00675394287785974,NA
"shokz",52,-0.00676345015169409,NA
"maeVe",49,-0.00676567665674757,NA
"di^",2,-0.00678112791717023,NA
"truth",18,-0.00678850218639224,NA
"spaz",17,-0.00679605664330349,NA
"Texta",22,-0.006796135172779,NA
"maektig",7,-0.00681284907122988,NA
"Nifty",436,-0.00681387984078637,0.95
"rindA",15,-0.00681724546927286,NA
"sLowi",176,-0.0068236865283299,0.95
"almazer",556,-0.0068273304263759,0.98
"JiNKZ",65,-0.00685550521157279,NA
"yel",285,-0.00685565819903224,NA
"kayeyo",2,-0.00686352709834402,NA
"keev",226,-0.00688471863969209,0.98
"maRky",18,-0.00688641497747921,NA
"paz",402,-0.00688991130400732,1.09
"crow",15,-0.00689389194309795,NA
"just9n",46,-0.006898147487158,0.93
"bottle",46,-0.00690466769430942,NA
"w1nt3r",39,-0.00690492052454022,NA
"desi",39,-0.00693083371370434,0.93
"gxx-",16,-0.00694560329664632,NA
"adreN",87,-0.00699640071639099,0.94
"Patron",18,-0.00699696867484839,NA
"gMd",39,-0.00700786373966464,NA
"becker",13,-0.00700867004554045,NA
"matHEND",33,-0.00702574287873113,0.91
"SANJI",524,-0.00703988999291299,0.92
"snatchie",578,-0.00705732229239443,0.99
"ec1s",7,-0.00706870638133601,NA
"forget",9,-0.00711278378083038,NA
"ToM223",34,-0.0071182998792707,NA
"KEi",24,-0.00713036293301227,NA
"xeta",44,-0.00714911398446968,NA
"ShahZaM",378,-0.00715497176714918,1.04
"mCe",20,-0.00717075839546531,NA
"Marek",6,-0.00719981785367296,NA
"Pimp",265,-0.00724180220808103,0.97
"LOVEYY",98,-0.00725553385759842,1.04
"AnJ",67,-0.00725635665154418,1.05
"Plopski",468,-0.00726770315640189,1.02
"b0denmaster",4,-0.00727216432319149,NA
"mynio",41,-0.00730172901279199,NA
"SecretAgent",2,-0.00731360564593234,NA
"Xizt",699,-0.00736342906609824,0.97
"keshandr",85,-0.00736468092227612,0.77
"duz",3,-0.00738660913340423,NA
"tatazin",23,-0.00740647488643019,NA
"stanislaw",947,-0.00742070151357483,0.97
"pNshr",95,-0.00743192918976703,0.91
"neaLaN",105,-0.00746445947286229,NA
"Marcelious",26,-0.00754259624580876,NA
"USTILO",438,-0.00754887028110176,0.97
"sonic",16,-0.00755738260187386,NA
"OCEAN",26,-0.00756538757089623,NA
"advent",148,-0.00757160990682145,0.84
"Viva",21,-0.0075735490338669,NA
"land1n",11,-0.00758617800454898,NA
"Impulse",49,-0.007620849452638,0.76
"lunAtic",39,-0.00764333847131702,NA
"seized",441,-0.00765075326873601,0.98
"xand",47,-0.00768159255120698,NA
"ptr",223,-0.00773017880665796,0.98
"lollipop21k",131,-0.00777130615568688,NA
"TMB",54,-0.00779022731177283,NA
"honda",46,-0.00779579859104782,0.86
"fleav",17,-0.00784528130484945,NA
"RCF",34,-0.00784969143506981,NA
"ImpressioN",29,-0.00786123016684528,NA
"leo_drk",65,-0.00787454176085562,NA
"MINISE",235,-0.0079415630973576,1.09
"Edward",666,-0.00796464136677433,1
"gabesson",15,-0.00801426480525519,NA
"JaCkz",603,-0.00802646434164404,0.97
"steel",592,-0.00802664766005371,0.97
"steel",592,-0.00802664766005371,0.95
"kolor",23,-0.00804957002702718,NA
"hitMouse",19,-0.00807980642347872,NA
"yam",130,-0.00809451336269025,0.9
"wayLander",336,-0.00810262526375862,0.88
"vsm",40,-0.00810826031984859,NA
"zews",140,-0.00811049260240902,0.77
"Pro.",5,-0.00812112091588755,NA
"naSu",49,-0.00812177179438019,0.62
"cam",37,-0.00813103255085045,NA
"mikeS",54,-0.0081542499178169,NA
"glow",43,-0.0081593780979704,NA
"Infinite",44,-0.0081884022943671,NA
"sAw",113,-0.00820942163168369,NA
"stan1ey",20,-0.00821148865331926,NA
"oxygeN",88,-0.00822486216774053,0.9
"AZR",757,-0.00824475509615435,0.97
"danoco",30,-0.00827692424063618,NA
"nak",27,-0.00828525058177416,NA
"stfN",93,-0.00829037405985342,NA
"sycrone",41,-0.00830798992096973,NA
"iDISBALANCE",286,-0.00833538305012565,1.05
"swag",54,-0.00833837328402505,1.11
"trk",139,-0.00836468092243246,0.97
"MSL",886,-0.00843164180415902,0.93
"Zero",380,-0.00845081842818413,1.02
"ANGE1",686,-0.00847060723181551,1.01
"Sonic",211,-0.00851227652913512,1.03
"tabseN",994,-0.00853072467211819,1.1
"horvy",21,-0.00854792276524943,NA
"meyern",98,-0.00856002798286432,0.92
"crush",75,-0.00859619418532084,0.88
"GruBy",449,-0.00862468513096072,1.05
"balblna",91,-0.00866201272002569,0.81
"zakk",27,-0.00866365051795353,0.71
"LILMAN",50,-0.0086878181163384,0.81
"arvid",39,-0.00868997333729354,NA
"ScreaM",597,-0.00869514840499014,1.11
"Vegi",102,-0.00869706674789589,0.98
"Jamppi",72,-0.00869869256492454,0.97
"dragonfly",83,-0.00873768629959383,NA
"HZ",45,-0.00873953231099961,NA
"TOAO",300,-0.00875623530491455,0.94
"flickz",5,-0.00878330217384986,NA
"ap0c",34,-0.00878446964765536,NA
"Bubzkji",372,-0.00878958454852103,1.05
"TEKO",5,-0.00881056542220986,NA
"Jonji",141,-0.00890804836232536,0.94
"niki1",43,-0.00893186283888163,NA
"RUBINO",437,-0.00893555551044961,0.98
"ISSAA",673,-0.00894536523626124,1.05
"arch",36,-0.00894644090941185,NA
"NENO",45,-0.00896428488455274,NA
"Baaten",69,-0.0089728576914646,NA
"REDSTAR",109,-0.00898201826373696,1
"flashie",36,-0.00898998564401828,NA
"smiley",24,-0.00899458725439818,NA
"kzy",82,-0.00901043733775366,NA
"Savage",118,-0.00916981248673185,1.04
"jdm64",515,-0.00917662303622069,0.99
"tahsiN",53,-0.00920326899840363,NA
"mouz",353,-0.00922935604039238,0.99
"1962",13,-0.00923488300060163,NA
"djL",56,-0.00923629523889224,NA
"ztr",66,-0.00923995872308069,0.86
"tiziaN",799,-0.00927472888414917,0.94
"Furlan",617,-0.00932100261457896,1
"pesadelo",45,-0.00932216772684458,NA
"seang@res",190,-0.00933717921407167,0.87
"neptune",102,-0.00934482328459954,0.83
"solo",43,-0.00936772889623166,NA
"guerri",37,-0.00937623714721722,0.74
"Davidp",87,-0.00944937650542924,NA
"Grim",280,-0.00945568257814972,0.98
"pronax",278,-0.00945772624751861,0.84
"Kvik",122,-0.00946940729397417,0.99
"nonick",14,-0.00947783524918938,NA
"Spongey",48,-0.0094923419714601,NA
"kressy",108,-0.00950404139338789,NA
"mopoz",138,-0.00962089148015179,1.05
"Psycho",34,-0.00969036570331492,0.79
"ZOREE",214,-0.0096937570872762,0.97
"ROBO",33,-0.0097045747751218,NA
"Machinegun",33,-0.00972516930370891,NA
"ryx",105,-0.00973662669789533,1.02
"fenvicious",33,-0.00989277507675278,0.62
"Surreal",238,-0.00991932887810145,NA
"Hiko",291,-0.00992211911192795,0.99
"kinqie",63,-0.00993657554610347,0.97
"CONNOR93",55,-0.00995189281574536,0.71
"torben",81,-0.0099541013445395,NA
"Kjaerbye",1048,-0.00998557450848881,1.08
"RUSH",1019,-0.0099979879549181,0.99
"prt",45,-0.0100241307953317,NA
"somebody",453,-0.0100276522640624,0.97
"nawrot",24,-0.0100399168067604,NA
"SHiPZ",456,-0.0100502970363784,1.03
"max",25,-0.0100674249879425,NA
"APE",40,-0.0100846890003323,NA
"hutji",124,-0.01009575201225,0.9
"reltuC",353,-0.0101053982688552,0.95
"es3tag",787,-0.0101459722548708,1.03
"Maikelele",214,-0.0101585036912866,0.99
"kaboose",41,-0.0103532959574157,NA
"zehN",391,-0.0103723448910579,1.04
"Shakezullah",84,-0.0103815154949516,NA
"motm",155,-0.0104180478566553,0.99
"Cooper",83,-0.0104666079464629,NA
"hampus",544,-0.01046696172413,1.03
"Goofy",66,-0.0104741017409174,NA
"facecrack",406,-0.010550328565256,1
"Dosia",600,-0.0105513482272526,0.97
"SPELLAN",111,-0.0105877029175719,NA
"MODDII",732,-0.010594039058809,0.99
"TaZ",561,-0.0106403238837137,0.96
"daps",652,-0.0106520780951978,0.88
"zhokiNg",165,-0.0107022447467484,1.05
"freddieb",407,-0.0107263335708233,0.98
"znajder",303,-0.0107418867325584,1.04
"freakazoid",214,-0.0107953487065533,0.96
"Flarich",45,-0.0107965099033504,NA
"b",487,-0.0107979077205207,NA
"Luz",52,-0.010810530198849,NA
"fejtZ",58,-0.0108202323467619,1
"boX",141,-0.0108293134609061,NA
"cJ",28,-0.0108561960571624,NA
"hallzerk",111,-0.0109402022963093,NA
"FNS",362,-0.0109623523008105,0.86
"doplan",435,-0.0110008704773114,NA
"zqkS",26,-0.0110090231702727,0.73
"arya",62,-0.0110699160158756,NA
"koosta",541,-0.011127380046765,1.01
"xseveN",508,-0.0111952976526491,0.96
"Pollo",31,-0.0112165521924229,NA
"loWel",286,-0.0112491314051919,1.04
"Thomas",105,-0.011263900402031,NA
"robiin",110,-0.0113741772864732,NA
"MiGHTYMAX",125,-0.0113926243387707,NA
"Shara",163,-0.0113944795691644,0.89
"BARBARR",145,-0.0114164740296673,0.95
"DavCost",135,-0.0114516717111762,1.04
"xms",324,-0.0114536415408519,0.96
"imoRR",38,-0.0115458822489366,NA
"SicK",298,-0.0115514424002223,1.02
"Golden",629,-0.0115653138493819,0.89
"seb",57,-0.0116269881624197,NA
"HS",211,-0.0116292559942265,1.07
"Zellsis",75,-0.0116512318461744,0.88
"Tommy",35,-0.0116774638776446,NA
"n0rb3r7",129,-0.0116830211816578,0.93
"SZPERO",367,-0.0117281423877319,0.98
"floppy",218,-0.01175182890237,1.07
"jasonR",93,-0.0118016487009525,0.87
"ub1que",32,-0.0118037915100289,NA
"splashske",37,-0.0118527099430345,NA
"WARDELL",156,-0.0118844849748624,0.98
"EXUS",46,-0.0119449012746386,NA
"HooXi",140,-0.0119449954600308,0.86
"oskarish",98,-0.0120081021776291,1.07
"Freeman",112,-0.0120120405207671,0.91
"PKL",200,-0.0120630578748058,NA
"devoduvek",208,-0.0120745294425505,0.99
"DEVIL",235,-0.0122204960266559,0.93
"iDk",60,-0.0122290845471894,1.03
"emagine",44,-0.0122822517914607,NA
"tb",118,-0.0124139851069847,1.01
"Hatz",59,-0.0124377278654029,0.94
"Relyks",179,-0.0124700727583182,0.97
"roca",114,-0.0124839548526283,1.05
"kNgV-",355,-0.0125700638139627,1
"Drone",53,-0.0126269989550284,NA
"HUNDEN",247,-0.0126331379044335,0.82
"NEKIZ",198,-0.0126887226353828,NA
"COLDYY1",139,-0.0126897732727278,0.97
"BIT",48,-0.0126931573724927,NA
"PlesseN",91,-0.0126983234607483,0.74
"to1nou",255,-0.012870902376354,0.94
"WorldEdit",408,-0.0129205237651296,1.05
"mirbit",94,-0.0130276509184562,1.02
"morelz",131,-0.0130447613296925,0.87
"reatz",200,-0.013061262518689,0.95
"DeStiNy",100,-0.0130718006097295,NA
"Maluk3",87,-0.0130727041037515,0.9
"Maniac",141,-0.0130730375854245,1.04
"Relaxa",87,-0.0131047106771353,NA
"aliStair",58,-0.0131158656464472,0.91
"Dima",142,-0.0132139804617112,0.93
"zeff",54,-0.0132282536848079,NA
"Jyo",144,-0.013292808850379,NA
"MICHU",590,-0.0134737640659227,1.03
"hazed",183,-0.0135712632791283,0.92
"Subroza",134,-0.0136014503878647,0.98
"chelo",173,-0.0136235621053766,NA
"svyat",82,-0.0138682314399847,0.94
"Maka",145,-0.0142096711359502,0.9
"DESPE",138,-0.0142701103827925,0.91
"gade",534,-0.0142867710552714,0.97
"ngiN",398,-0.014413780782881,0.93
"waterfaLLZ",100,-0.0144348413166957,0.97
"NEO",705,-0.0145849810678553,0.95
"KrizzeN",183,-0.0147211145373424,0.91
"B1ad3",338,-0.0147300270331372,0.81
"ofnu",49,-0.0147767322711522,NA
"Ex6TenZ",306,-0.0148093290982822,0.96
"HSK",54,-0.0148986075929419,NA
"Spiidi",610,-0.0151146798535918,0.97
"jR",137,-0.0154737123152267,0.98
"SEMPHIS",134,-0.0156629161092768,0.99
"AcilioN",439,-0.0156714313972755,0.9
"hAdji",173,-0.0159351712650815,1
"jmqa",118,-0.0160280054878792,0.9
"crisby",85,-0.0160530470730628,NA
"phr",422,-0.0161663409241752,0.93
"dephh",274,-0.0163847516052548,0.95
"XigN",67,-0.0164309944293603,NA
"shz",127,-0.016607570748715,NA
"S0tF1k",168,-0.0166534251177115,0.79
"mitch",137,-0.0169496128255225,0.9
"xartE",99,-0.0169998908564645,NA
"DAVEY",109,-0.0170022151910236,NA
"ryann",85,-0.0171195746165647,NA
"ANDROID",249,-0.0171820583271566,0.98
"emi",223,-0.0185216232631068,0.87
"Uber",92,-0.0194490160161787,0.79
"CRUC1AL",180,-0.0198126548839716,NA
